moudov	 38.358046	1810499	Zenaida_macroura
amecro	 35.901562	1694553	Corvus_brachyrhynchos
norcar	 34.795968	1642369	Cardinalis_cardinalis
amerob	 34.370163	1622271	Turdus_migratorius
blujay	 29.497449	1392279	Cyanocitta_cristata
amegfi	 28.294376	1335494	Spinus_tristis
eursta	 27.879419	1315908	Sturnus_vulgaris
sonspa	 26.457914	1248813	Melospiza_melodia
rewbla	 25.971261	1225843	Agelaius_phoeniceus
dowwoo	 24.932002	1176790	Picoides_pubescens
mallar	 24.847447	1172799	Anas_platyrhynchos
houfin	 23.876663	1126978	Haemorhous_mexicanus
cangoo	 23.211705	1095592	Branta_canadensis
houspa	 20.942657	988493	Passer_domesticus
bkcchi	 20.268526	956674	Poecile_atricapillus
rebwoo	 20.155348	951332	Melanerpes_carolinus
tuftit	 19.842953	936587	Baeolophus_bicolor
turvul	 19.608949	925542	Cathartes_aura
grbher3	 18.734817	884283	Ardea_herodias
normoc	 18.141936	856299	Mimus_polyglottos
whbnut	 17.432338	822806	Sitta_carolinensis
comgra	 16.613736	784168	Quiscalus_quiscula
carwre	 16.219265	765549	Thryothorus_ludovicianus
rethaw	 16.134689	761557	Buteo_jamaicensis
ribgul	 15.244540	719542	Larus_delawarensis
killde	 14.374519	678477	Charadrius_vociferus
norfli	 14.170451	668845	Colaptes_auratus
doccor	 13.336785	629496	Phalacrocorax_auritus
carchi	 13.127887	619636	Poecile_carolinensis
rocpig	 13.035302	615266	Columba_livia
barswa	 12.644476	596819	Hirundo_rustica
bnhcow	 12.510323	590487	Molothrus_ater
daejun	 12.130535	572561	Junco_hyemalis
whtspa	 12.105853	571396	Zonotrichia_albicollis
grycat	 12.100980	571166	Dumetella_carolinensis
chispa	 11.515090	543512	Spizella_passerina
comyel	 11.260344	531488	Geothlypis_trichas
treswa	 11.046784	521408	Tachycineta_bicolor
greegr	 10.843331	511805	Ardea_alba
easblu	 10.647441	502559	Sialia_sialis
belkin1	 10.051530	474432	Megaceryle_alcyon
easpho	 10.041932	473979	Sayornis_phoebe
yerwar	 10.006508	472307	Setophaga_coronata
cedwax	  9.886932	466663	Bombycilla_cedrorum
amecoo	  9.818246	463421	Fulica_americana
ruckin	  9.276275	437840	Regulus_calendula
haiwoo	  9.173775	433002	Picoides_villosus
houwre	  8.423732	397600	Troglodytes_aedon
eastow	  8.409283	396918	Pipilo_erythrophthalmus
amekes	  8.366487	394898	Falco_sparverius
pibgre	  8.062461	380548	Podilymbus_podiceps
comrav	  7.755830	366075	Corvus_corax
hergul	  7.674495	362236	Larus_argentatus
whcspa	  7.220575	340811	Zonotrichia_leucophrys
buggna	  7.123838	336245	Polioptila_caerulea
wooduc	  7.120342	336080	Aix_sponsa
yelwar	  7.073774	333882	Setophaga_petechia
osprey	  6.955575	328303	Pandion_haliaetus
reevir	  6.935829	327371	Vireo_olivaceus
pilwoo	  6.492778	306459	Dryocopus_pileatus
chiswi	  6.378753	301077	Chaetura_pelagica
baleag	  6.373011	300806	Haliaeetus_leucocephalus
indbun	  6.321570	298378	Passerina_cyanea
reshaw	  6.137312	289681	Buteo_lineatus
snoegr	  6.079685	286961	Egretta_thula
buffle	  6.039219	285051	Bucephala_albeola
rthhum	  5.968901	281732	Archilochus_colubris
coohaw	  5.956019	281124	Accipiter_cooperii
norhar	  5.837142	275513	Circus_cyaneus
rebnut	  5.836507	275483	Sitta_canadensis
brnthr	  5.643498	266373	Toxostoma_rufum
norsho	  5.594875	264078	Anas_clypeata
gadwal	  5.528922	260965	Anas_strepera
savspa	  5.436146	256586	Passerculus_sandwichensis
easkin	  5.405553	255142	Tyrannus_tyrannus
blkvul	  5.300829	250199	Coragyps_atratus
annhum	  5.232121	246956	Calypte_anna
blkpho	  5.219875	246378	Sayornis_nigricans
spotow	  5.160638	243582	Pipilo_maculatus
fiespa	  5.107629	241080	Spizella_pusilla
balori	  5.075574	239567	Icterus_galbula
grcfly	  4.920765	232260	Myiarchus_crinitus
rudduc	  4.851422	228987	Oxyura_jamaicensis
lesgol	  4.758561	224604	Spinus_psaltria
eawpew	  4.727205	223124	Contopus_virens
nrwswa	  4.630934	218580	Stelgidopteryx_serripennis
grnher	  4.614642	217811	Butorides_virescens
swaspa	  4.599854	217113	Melospiza_georgiana
gockin	  4.490913	211971	Regulus_satrapa
fiscro	  4.487820	211825	Corvus_ossifragus
laugul	  4.473243	211137	Leucophaeus_atricilla
herthr	  4.459430	210485	Catharus_guttatus
amewig	  4.397650	207569	Anas_americana
pinsis	  4.360044	205794	Spinus_pinus
greyel	  4.348053	205228	Tringa_melanoleuca
eucdov	  4.337142	204713	Streptopelia_decaocto
rinduc	  4.334557	204591	Aythya_collaris
amered	  4.320426	203924	Setophaga_ruticilla
gbbgul	  4.314959	203666	Larus_marinus
sposan	  4.264451	201282	Actitis_macularius
gnwtea	  4.212248	198818	Anas_crecca
bewwre	  4.194514	197981	Thryomanes_bewickii
leasan	  4.174430	197033	Calidris_minutilla
easmea	  3.981739	187938	Sturnella_magna
wesjay	  3.949154	186400	Aphelocoma_californica
ambduc	  3.930976	185542	Anas_rubripes
bawwar	  3.898497	184009	Mniotilta_varia
buwtea	  3.881464	183205	Anas_discors
hoomer	  3.837586	181134	Lophodytes_cucullatus
pinwar	  3.831697	180856	Setophaga_pinus
brncre	  3.809069	179788	Certhia_americana
whevir	  3.707290	174984	Vireo_griseus
warvir	  3.704959	174874	Vireo_gilvus
orcwar	  3.628688	171274	Oreothlypis_celata
yebsap	  3.615785	170665	Sphyrapicus_varius
myrwar	  3.600764	169956	Setophaga_coronata_coronata
brebla	  3.567544	168388	Euphagus_cyanocephalus
norpar	  3.531908	166706	Setophaga_americana
grtgra	  3.501273	165260	Quiscalus_mexicanus
commer	  3.484535	164470	Mergus_merganser
robgro	  3.481124	164309	Pheucticus_ludovicianus
wesmea	  3.463985	163500	Sturnella_neglecta
ovenbi1	  3.454641	163059	Seiurus_aurocapilla
lessca	  3.413116	161099	Aythya_affinis
cliswa	  3.406548	160789	Petrochelidon_pyrrhonota
comloo	  3.386463	159841	Gavia_immer
woothr	  3.374514	159277	Hylocichla_mustelina
brnpel	  3.345086	157888	Pelecanus_occidentalis
bushti	  3.329451	157150	Psaltriparus_minimus
slcjun	  3.328518	157106	Junco_hyemalis_hyemalis/carolinensis
purfin	  3.324811	156931	Haemorhous_purpureus
shshaw	  3.322883	156840	Accipiter_striatus
stejay	  3.316379	156533	Cyanocitta_stelleri
wiltur	  3.242840	153062	Meleagris_gallopavo
forter	  3.176378	149925	Sterna_forsteri
purmar	  3.142628	148332	Progne_subis
amtspa	  3.140806	148246	Spizella_arborea
norpin	  3.111950	146884	Anas_acuta
bcnher	  3.069662	144888	Nycticorax_nycticorax
comgol	  3.066103	144720	Bucephala_clangula
rebmer	  2.980997	140703	Mergus_serrator
logshr	  2.976251	140479	Lanius_ludovicianus
horlar	  2.976103	140472	Eremophila_alpestris
whwdov	  2.956400	139542	Zenaida_asiatica
marwre	  2.941633	138845	Cistothorus_palustris
caltow	  2.921527	137896	Melozone_crissalis
yesfli	  2.909154	137312	Colaptes_auratus_[auratus_Group]
scatan	  2.877183	135803	Piranga_olivacea
libher	  2.830277	133589	Egretta_caerulea
palwar	  2.810425	132652	Setophaga_palmarum
lesyel	  2.802162	132262	Tringa_flavipes
whiibi	  2.670891	126066	Eudocimus_albus
btnwar	  2.651060	125130	Setophaga_virens
willet1	  2.595806	122522	Tringa_semipalmata
calgul	  2.550255	120372	Larus_californicus
linspa	  2.537501	119770	Melospiza_lincolnii
mutswa	  2.530446	119437	Cygnus_olor
amwpel	  2.521230	119002	Pelecanus_erythrorhynchos
audwar	  2.510171	118480	Setophaga_coronata_auduboni
wlswar	  2.500891	118042	Cardellina_pusilla
bkbplo	  2.465764	116384	Pluvialis_squatarola
chbchi	  2.441908	115258	Poecile_rufescens
sancra	  2.372755	111994	Grus_canadensis
magwar	  2.336738	110294	Setophaga_magnolia
weskin	  2.311738	109114	Tyrannus_verticalis
wesgul	  2.295848	108364	Larus_occidentalis
caster1	  2.285531	107877	Hydroprogne_caspia
saypho	  2.266463	106977	Sayornis_saya
orejun	  2.257480	106553	Junco_hyemalis_[oreganus_Group]
semplo	  2.242098	105827	Charadrius_semipalmatus
rehwoo	  2.217120	104648	Melanerpes_erythrocephalus
yebcuc	  2.192014	103463	Coccyzus_americanus
grhowl	  2.186399	103198	Bubo_virginianus
swathr	  2.176484	102730	Catharus_ustulatus
sander	  2.157607	101839	Calidris_alba
calqua	  2.152988	101621	Callipepla_californica
chswar	  2.150785	101517	Setophaga_pensylvanica
vigswa	  2.148158	101393	Tachycineta_thalassina
naswar	  2.145870	101285	Oreothlypis_ruficapilla
bknsti	  2.139831	101000	Himantopus_mexicanus
wilsni1	  2.131357	100600	Gallinago_delicata
botgra	  2.122120	100164	Quiscalus_major
horgre	  2.110997	99639	Podiceps_auritus
comgal1	  2.075297	97954	Gallinula_galeata
bkhgro	  2.075064	97943	Pheucticus_melanocephalus
redhea	  2.072670	97830	Aythya_americana
bkbmag1	  2.067353	97579	Pica_hudsonia
resfli	  2.041802	96373	Colaptes_auratus_[cafer_Group]
amepip	  2.039471	96263	Anthus_rubescens
buhvir	  2.034641	96035	Vireo_solitarius
gocspa	  2.010170	94880	Zonotrichia_atricapilla
orcori	  2.003708	94575	Icterus_spurius
triher	  1.998539	94331	Egretta_tricolor
acowoo	  1.987162	93794	Melanerpes_formicivorus
categr	  1.978306	93376	Bubulcus_ibis
foxspa	  1.971124	93037	Passerella_iliaca
sumtan	  1.926569	90934	Piranga_rubra
bongul	  1.908306	90072	Chroicocephalus_philadelphia
wesgre	  1.870001	88264	Aechmophorus_occidentalis
dunlin	  1.848348	87242	Calidris_alpina
blugrb1	  1.845403	87103	Passerina_caerulea
wesblu	  1.832882	86512	Sialia_mexicana
perfal	  1.764047	83263	Falco_peregrinus
ameavo	  1.731950	81748	Recurvirostra_americana
nutwoo	  1.731738	81738	Picoides_nuttallii
veery	  1.687416	79646	Catharus_fuscescens
rinphe	  1.687395	79645	Phasianus_colchicus
larspa	  1.668941	78774	Chondestes_grammacus
cintea	  1.668602	78758	Anas_cyanoptera
anhing	  1.664916	78584	Anhinga_anhinga
royter1	  1.645933	77688	Thalasseus_maximus
mouchi	  1.645255	77656	Poecile_gambeli
westan	  1.638348	77330	Piranga_ludoviciana
amhgul1	  1.632564	77057	Larus_argentatus_smithsonianus
semsan	  1.629471	76911	Calidris_pusilla
yetvir	  1.628475	76864	Vireo_flavifrons
brdowl	  1.625064	76703	Strix_varia
eargre	  1.618708	76403	Podiceps_nigricollis
oaktit	  1.605869	75797	Baeolophus_inornatus
wewpew	  1.575573	74367	Contopus_sordidulus
sursco	  1.566717	73949	Melanitta_perspicillata
winwre3	  1.551272	73220	Troglodytes_hiemalis
snogoo	  1.540869	72729	Chen_caerulescens
canvas	  1.533094	72362	Aythya_valisineria
wessan	  1.515827	71547	Calidris_mauri
solsan	  1.506929	71127	Tringa_solitaria
bkchum	  1.505107	71041	Archilochus_alexandri
btbwar	  1.493412	70489	Setophaga_caerulescens
rudtur	  1.480043	69858	Arenaria_interpres
bnhnut	  1.460191	68921	Sitta_pusilla
yebcha	  1.448835	68385	Icteria_virens
bkpwar	  1.438602	67902	Setophaga_striata
wilfly	  1.433793	67675	Empidonax_traillii
tenwar	  1.420340	67040	Oreothlypis_peregrina
gresca	  1.416251	66847	Aythya_marila
merlin	  1.411696	66632	Falco_columbarius
banswa	  1.399153	66040	Riparia_riparia
vesspa	  1.397458	65960	Pooecetes_gramineus
lobdow	  1.396632	65921	Limnodromus_scolopaceus
leafly	  1.371674	64743	Empidonax_minimus
labwoo	  1.370573	64691	Picoides_scalaris
norwat	  1.370467	64686	Parkesia_noveboracensis
larus	  1.366759	64511	Larinae_sp.
wrenti	  1.346441	63552	Chamaea_fasciata
comter	  1.343475	63412	Sterna_hirundo
bulori	  1.327734	62669	Icterus_bullockii
boboli	  1.318263	62222	Dolichonyx_oryzivorus
hoowar	  1.289640	60871	Setophaga_citrina
prawar	  1.287818	60785	Setophaga_discolor
acafly	  1.285234	60663	Empidonax_virescens
comnig	  1.284026	60606	Chordeiles_minor
glwgul	  1.269450	59918	Larus_glaucescens
batpig1	  1.242289	58636	Patagioenas_fasciata
pecsan	  1.230170	58064	Calidris_melanotos
shbdow	  1.229534	58034	Limnodromus_griseus
brwhaw	  1.219068	57540	Buteo_platypterus
towwar	  1.216950	57440	Setophaga_townsendi
yetwar	  1.216717	57429	Setophaga_dominica
sora	  1.209068	57068	Porzana_carolina
sctfly	  1.177691	55587	Tyrannus_forficatus
margod	  1.167289	55096	Limosa_fedoa
verdin	  1.161314	54814	Auriparus_flaviceps
yehbla	  1.143687	53982	Xanthocephalus_xanthocephalus
whfibi	  1.140445	53829	Plegadis_chihi
bkbwar	  1.131293	53397	Setophaga_fusca
leater1	  1.104089	52113	Sternula_antillarum
astfly	  1.096611	51760	Myiarchus_cinerascens
rufhum	  1.093687	51622	Selasphorus_rufus
cowscj1	  1.067140	50369	Aphelocoma_californica_[californica_Group]
norbob	  1.039407	49060	Colinus_virginianus
gloibi	  1.037776	48983	Plegadis_falcinellus
dickci	  1.037140	48953	Spiza_americana
buwwar	  1.022712	48272	Vermivora_cyanoptera
hutvir	  1.016547	47981	Vireo_huttoni
whtkit	  1.015085	47912	Elanus_leucurus
retloo	  1.003475	47364	Gavia_stellata
pasfly	  1.000255	47212	Empidonax_difficilis
pygnut	   .989026	46682	Sitta_pygmaea
ycnher	   .987712	46620	Nyctanassa_violacea
paibun	   .964217	45511	Passerina_ciris
motduc	   .962585	45434	Anas_fulvigula
cogdov	   .956208	45133	Columbina_passerina
ameoys	   .949704	44826	Haematopus_palliatus
woosto	   .947055	44701	Mycteria_americana
wrthaw1	   .947013	44699	Buteo_jamaicensis_calurus
incdov	   .945339	44620	Columbina_inca
prowar	   .942691	44495	Protonotaria_citrea
louwat	   .929746	43884	Parkesia_motacilla
blkski	   .928560	43828	Rynchops_niger
swahaw	   .921250	43483	Buteo_swainsoni
virrai	   .919937	43421	Rallus_limicola
brant	   .914937	43185	Branta_bernicla
gamqua	   .895975	42290	Callipepla_gambelii
lobcur	   .892098	42107	Numenius_americanus
blctit4	   .885382	41790	Baeolophus_atricristatus
graspa	   .881272	41596	Ammodramus_savannarum
gilwoo	   .876483	41370	Melanerpes_uropygialis
lazbun	   .872903	41201	Passerina_amoena
rusbla	   .866971	40921	Euphagus_carolinus
whwsco	   .853772	40298	Melanitta_fusca
lotduc	   .849344	40089	Clangula_hyemalis
allhum	   .845339	39900	Selasphorus_sasin
tunswa	   .837945	39551	Cygnus_columbianus
caskin	   .822246	38810	Tyrannus_vociferans
bbwduc	   .818454	38631	Dendrocygna_autumnalis
rocwre	   .808920	38181	Salpinctes_obsoletus
greroa	   .797331	37634	Geococcyx_californianus
norgan	   .786505	37123	Morus_bassanus
heegul	   .783284	36971	Larus_heermanni
gwfgoo	   .782416	36930	Anser_albifrons
phaino	   .782373	36928	Phainopepla_nitens
rosspo1	   .779725	36803	Platalea_ajaja
neocor	   .771886	36433	Phalacrocorax_brasilianus
cacwre	   .754831	35628	Campylorhynchus_brunneicapillus
cubthr	   .752585	35522	Toxostoma_curvirostre
whtswi	   .749958	35398	Aeronautes_saxatalis
pacwre1	   .747543	35284	Troglodytes_pacificus
wilpha	   .742140	35029	Phalaropus_tricolor
bracor	   .740509	34952	Phalacrocorax_penicillatus
agwtea1	   .734513	34669	Anas_crecca_carolinensis
btywar	   .733009	34598	Setophaga_nigrescens
gofwoo	   .731526	34528	Melanerpes_aurifrons
canwar	   .725466	34242	Cardellina_canadensis
brthum	   .704344	33245	Selasphorus_platycercus
moublu	   .698899	32988	Sialia_currucoides
evegro	   .696166	32859	Coccothraustes_vespertinus
rolhaw	   .695276	32817	Buteo_lagopus
easowl1	   .694788	32794	Megascops_asio
clarai	   .690572	32595	Rallus_longirostris
olsfly	   .688009	32474	Contopus_cooperi
pelcor	   .686144	32386	Phalacrocorax_pelagicus
blkter	   .678136	32008	Chlidonias_niger
cacgoo1	   .668199	31539	Branta_hutchinsii
whimbr	   .657521	31035	Numenius_phaeopus
clagre	   .649449	30654	Aechmophorus_clarkii
crow	   .644153	30404	Corvus_sp._(crow_sp.)
towsol	   .643221	30360	Myadestes_townsendi
comeid	   .642543	30328	Somateria_mollissima
varthr	   .641441	30276	Ixoreus_naevius
abetow	   .634534	29950	Melozone_aberti
goleag	   .630445	29757	Aquila_chrysaetos
blksco2	   .628009	29642	Melanitta_americana
verfly	   .624195	29462	Pyrocephalus_rubinus
amebit	   .624132	29459	Botaurus_lentiginosus
rufgro	   .607839	28690	Bonasa_umbellus
comred	   .603729	28496	Acanthis_flammea
clcspa	   .598157	28233	Spizella_pallida
cantow	   .593517	28014	Melozone_fusca
calthr	   .590975	27894	Toxostoma_redivivum
canwre	   .587903	27749	Catherpes_mexicanus
crecar1	   .583835	27557	Caracara_cheriway
bktspa	   .581653	27454	Amphispiza_bilineata
gnttow	   .574937	27137	Pipilo_chlorurus
woewar1	   .570445	26925	Helmitheros_vermivorum
macwar	   .567627	26792	Geothlypis_tolmiei
amewoo	   .565318	26683	Scolopax_minor
kenwar	   .564513	26645	Geothlypis_formosa
miskit	   .562182	26535	Ictinia_mississippiensis
redcro	   .560530	26457	Loxia_curvirostra
brespa	   .559979	26431	Spizella_breweri
fragul	   .554068	26152	Leucophaeus_pipixcan
camwar	   .552394	26073	Setophaga_tigrina
swallo	   .550339	25976	Hirundinidae_sp.
gwcspa	   .547966	25864	Zonotrichia_leucophrys_gambelii
empido	   .546971	25817	Empidonax_sp.
erthaw1	   .546759	25807	Buteo_jamaicensis_borealis
stisan	   .542331	25598	Calidris_himantopus
casfin	   .540254	25500	Haemorhous_cassinii
babwar	   .537839	25386	Setophaga_castanea
sedwre	   .533115	25163	Cistothorus_platensis
hooori	   .529767	25005	Icterus_cucullatus
renpha	   .523454	24707	Phalaropus_lobatus
rebsap	   .517712	24436	Sphyrapicus_ruber
rengre	   .503877	23783	Podiceps_grisegena
grbher	   .496547	23437	Ardea_herodias_[herodias_Group]
redegr	   .494725	23351	Egretta_rufescens
lbbgul	   .493454	23291	Larus_fuscus
belvir	   .489958	23126	Vireo_bellii
harspa	   .481737	22738	Zonotrichia_querula
pyrrhu	   .476992	22514	Cardinalis_sinuatus
reshaw4	   .474555	22399	Buteo_lineatus_elegans
baisan	   .473983	22372	Calidris_bairdii
brnowl	   .465127	21954	Tyto_alba
pipplo	   .458390	21636	Charadrius_melodus
truswa	   .456992	21570	Cygnus_buccinator
palwar3	   .451547	21313	Setophaga_palmarum_palmarum
santer1	   .441165	20823	Thalasseus_sandvicensis
aldfly	   .439004	20721	Empidonax_alnorum
blkoys	   .438687	20706	Haematopus_bachmani
rucspa	   .437670	20658	Aimophila_ruficeps
commur	   .436335	20595	Uria_aalge
whbnut2	   .435064	20535	Sitta_carolinensis_carolinensis
mewgul	   .433665	20469	Larus_canus
blktur	   .427818	20193	Arenaria_melanocephala
snobun	   .422606	19947	Plectrophenax_nivalis
mallar2	   .420509	19848	Anas_platyrhynchos_(Domestic_type)
vauswi	   .414725	19575	Chaetura_vauxi
piggui	   .411229	19410	Cepphus_columba
prafal	   .410297	19366	Falco_mexicanus
scaup	   .407691	19243	Aythya_marila/affinis
pacloo	   .395932	18688	Gavia_pacifica
rosgoo	   .389682	18393	Chen_rossii
norshr	   .385382	18190	Lanius_excubitor
hummin	   .380106	17941	Trochilidae_sp.
grecor	   .379958	17934	Phalacrocorax_carbo
clanut	   .378411	17861	Nucifraga_columbiana
cangoo4	   .376653	17778	Branta_canadensis_moffitti/maxima
calidr	   .376398	17766	Calidris_sp._(peep_sp.)
duck1	   .374492	17676	Anatinae_sp.
casvir	   .372182	17567	Vireo_cassinii
rensap	   .366102	17280	Sphyrapicus_nuchalis
redkno	   .364322	17196	Calidris_canutus
mouwar	   .363559	17160	Geothlypis_philadelphia
whrsan	   .360127	16998	Calidris_fuscicollis
grekis	   .359449	16966	Pitangus_sulphuratus
blackb	   .355869	16797	Icteridae_sp.
cerwar	   .353708	16695	Setophaga_cerulea
phivir	   .352140	16621	Vireo_philadelphicus
gycthr	   .351568	16594	Catharus_minimus
snoplo5	   .350657	16551	Charadrius_nivosus
dowitc	   .346441	16352	Limnodromus_griseus/scolopaceus
sooshe	   .342797	16180	Puffinus_griseus
yebmag	   .340699	16081	Pica_nuttalli
dusfly	   .338814	15992	Empidonax_oberholseri
bkbcuc	   .334470	15787	Coccyzus_erythropthalmus
coshum	   .328983	15528	Calypte_costae
burowl	   .326589	15415	Athene_cunicularia
x00051	   .324449	15314	Larus_occidentalis_x_glaucescens
y00033	   .321970	15197	Poecile_carolinensis/atricapillus
foxsp2	   .320932	15148	Passerella_iliaca_[unalaschcensis_Group]
ferhaw	   .320021	15105	Buteo_regalis
plsvir	   .319809	15095	Vireo_plumbeus
monpar	   .314174	14829	Myiopsitta_monachus
y00001	   .310742	14667	Selasphorus_rufus/sasin
amgplo	   .307521	14515	Pluvialis_dominica
harduc	   .304937	14393	Histrionicus_histrionicus
accipi	   .303263	14314	Accipiter_sp.
rhiauk	   .301843	14247	Cerorhinca_monocerata
meadow	   .301165	14215	Sturnella_megna/neglecta
britit	   .300106	14165	Baeolophus_wollweberi
larbun	   .299640	14143	Calamospiza_melanocorys
limpki	   .299068	14116	Aramus_guarauna
purfin2	   .298136	14072	Haemorhous_purpureus_californicus
bktgna	   .296398	13990	Polioptila_melanura
y00012	   .295021	13925	Aechmophorus_occidentalis/clarkii
leabit	   .293411	13849	Ixobrychus_exilis
eleter1	   .292966	13828	Thalasseus_elegans
uplsan	   .288771	13630	Bartramia_longicauda
bargol	   .282903	13353	Bucephala_islandica
warble	   .282712	13344	Parulinae_sp.
hamfly	   .281504	13287	Empidonax_hammondii
lobthr	   .280996	13263	Toxostoma_longirostre
gyhjun	   .277267	13087	Junco_hyemalis_caniceps
grnjay	   .276292	13041	Cyanocorax_yncas
seaspa	   .275911	13023	Ammodramus_maritimus
lucwar	   .274661	12964	Oreothlypis_luciae
gowwar	   .274576	12960	Vermivora_chrysoptera
swtkit	   .272267	12851	Elanoides_forficatus
laplon	   .269026	12698	Calcarius_lapponicus
hrshaw	   .266631	12585	Parabuteo_unicinctus
comgra1	   .265636	12538	Quiscalus_quiscula_quiscula/stonei
herwar	   .264428	12481	Setophaga_occidentalis
palwar4	   .263454	12435	Setophaga_palmarum_hypochrysea
gubter1	   .256483	12106	Gelochelidon_nilotica
chirav	   .255551	12062	Corvus_cryptoleucus
foxsp1	   .255170	12044	Passerella_iliaca_iliaca/zaboria
brbhum	   .251716	11881	Cynanthus_latirostris
brocow	   .249492	11776	Molothrus_aeneus
mexjay4	   .248898	11748	Aphelocoma_wollweberi
thagul	   .247691	11691	Larus_thayeri
sagthr	   .246886	11653	Oreoscoptes_montanus
yebfly	   .246568	11638	Empidonax_flaviventris
pisjun	   .245085	11568	Junco_hyemalis_mearnsi
amedip	   .244343	11533	Cinclus_mexicanus
cavswa	   .241102	11380	Petrochelidon_fulva
sheowl	   .240466	11350	Asio_flammeus
orcwar3	   .238687	11266	Oreothlypis_celata_lutescens
wilplo	   .235254	11104	Charadrius_wilsonia
eurwig	   .231631	10933	Anas_penelope
chwwid	   .230699	10889	Antrostomus_carolinensis
wilwar3	   .230233	10867	Cardellina_pusilla_chryseola
y00486	   .228369	10779	Corvus_brachyrhynchos/caurinus
gryfly	   .227797	10752	Empidonax_wrightii
whip-p1	   .226547	10693	Antrostomus_vociferus
sagspa	   .223432	10546	Artemisiospiza_belli
wesowl1	   .222521	10503	Megascops_kennicottii
glagul	   .221165	10439	Larus_hyperboreus
purgal2	   .220403	10403	Porphyrio_martinicus
coukin	   .217966	10288	Tyrannus_couchii
whwcro	   .217818	10281	Loxia_leucoptera
bncfly	   .214428	10121	Myiarchus_tyrannulus
calhum	   .213157	10061	Selasphorus_calliope
gryjay	   .209386	9883	Perisoreus_canadensis
corfly	   .208326	9833	Empidonax_occidentalis
bubhum	   .207203	9780	Amazilia_yucatanensis
lawgol	   .202309	9549	Spinus_lawrencei
henspa	   .202055	9537	Ammodramus_henslowii
scoori	   .201695	9520	Icterus_parisorum
parjae	   .200170	9448	Stercorarius_parasiticus
nswowl	   .199809	9431	Aegolius_acadicus
pursan	   .197881	9340	Calidris_maritima
spotow1	   .197500	9322	Pipilo_maculatus_[oregonus_Group]
sstspa	   .196631	9281	Ammodramus_caudacutus
lewwoo	   .196441	9272	Melanerpes_lewis
musduc2	   .193432	9130	Cairina_moschata_(Domestic_type)
magfri	   .192458	9084	Fregata_magnificens
wispet	   .191653	9046	Oceanites_oceanicus
rewbla2	   .191526	9040	Agelaius_phoeniceus_[californicus_Group]
pswspa1	   .188411	8893	Zonotrichia_leucophrys_pugetensis
sparro1	   .187797	8864	Emberizidae_sp._(sparrow_sp.)
ewcspa1	   .186843	8819	Zonotrichia_leucophrys_leucophrys
pomjae	   .186526	8804	Stercorarius_pomarinus
paired	   .185869	8773	Myioborus_pictus
pifshe	   .184131	8691	Puffinus_creatopus
leagre	   .183771	8674	Tachybaptus_dominicus
scaqua	   .182987	8637	Callipepla_squamata
atlbra1	   .176462	8329	Branta_bernicla_hrota
virwar	   .176377	8325	Oreothlypis_virginiae
winwre2	   .175657	8291	Troglodytes_pacificus_[pacificus_Group]
tribla	   .175042	8262	Agelaius_tricolor
willet2	   .173771	8202	Tringa_semipalmata_semipalmata
whimbr3	   .172881	8160	Numenius_phaeopus_hudsonicus
olispa	   .172627	8148	Arremonops_rufivirgatus
pingro	   .171102	8076	Pinicola_enucleator
lesnig	   .170763	8060	Chordeiles_acutipennis
willet3	   .168644	7960	Tringa_semipalmata_inornata
comeid2	   .167458	7904	Somateria_mollissima_dresseri
norgos	   .165170	7796	Accipiter_gentilis
whtdov	   .164619	7770	Leptotila_verreauxi
whhwoo	   .164598	7769	Picoides_albolarvatus
wooscj1	   .164534	7766	Aphelocoma_californica_[woodhouseii_Group]
pinjay	   .163665	7725	Gymnorhinus_cyanocephalus
mouqua	   .163453	7715	Oreortyx_pictus
placha	   .162627	7676	Ortalis_vetula
x00004	   .162288	7660	Anas_rubripes_x_platyrhynchos
compoo	   .161631	7629	Phalaenoptilus_nuttallii
casspa	   .159386	7523	Peucaea_cassinii
casauk	   .159259	7517	Ptychoramphus_aleuticus
surfbi	   .158708	7491	Aphriza_virgata
crithr	   .158475	7480	Toxostoma_crissale
juntit1	   .157182	7419	Baeolophus_ridgwayi
blkgui	   .148941	7030	Cepphus_grylle
greshe	   .147288	6952	Puffinus_gravis
lecspa	   .146441	6912	Ammodramus_leconteii
marmur	   .146123	6897	Brachyramphus_marmoratus
redpha1	   .146123	6897	Phalaropus_fulicarius
snoowl1	   .145381	6862	Bubo_scandiacus
norful	   .144174	6805	Fulmarus_glacialis
whbnut3	   .143475	6772	Sitta_carolinensis_[mexicana_Group]
razorb	   .141059	6658	Alca_torda
bubsan	   .138030	6515	Tryngites_subruficollis
loeowl	   .134555	6351	Asio_otus
kinrai	   .133326	6293	Rallus_elegans
mewgul2	   .131102	6188	Larus_canus_brachyrhynchus
icegul	   .129936	6133	Larus_glaucoides
buteo	   .129746	6124	Buteo_sp.
trokin	   .126801	5985	Tyrannus_melancholicus
gryhaw2	   .126674	5979	Buteo_plagiatus
yeejun	   .125233	5911	Junco_phaeonotus
heptan	   .124936	5897	Piranga_flava
bklkit	   .123496	5829	Rissa_tridactyla
ducfly	   .122585	5786	Myiarchus_tuberculifer
wilsap	   .121695	5744	Sphyrapicus_thyroideus
cubthr2	   .121525	5736	Toxostoma_curvirostre_[palmeri_Group]
wewvir2	   .121420	5731	Vireo_gilvus_[swainsoni_Group]
maghum	   .119428	5637	Eugenes_fulgens
sabgul	   .119301	5631	Xema_sabini
savspa1	   .118157	5577	Passerculus_sandwichensis_[savanna_Group]
wantat1	   .117394	5541	Tringa_incana
norcro	   .117203	5532	Corvus_caurinus
recpar	   .116992	5522	Amazona_viridigenalis
fuwduc	   .113453	5355	Dendrocygna_bicolor
whthaw	   .113178	5342	Geranoaetus_albicaudatus
nstspa	   .111970	5285	Ammodramus_nelsoni
bkfalb	   .109831	5184	Phoebastria_nigripes
nopowl	   .107458	5072	Glaucidium_gnoma
grnkin	   .106589	5031	Chloroceryle_americana
hudgod	   .105466	4978	Limosa_haemastica
hawk	   .104068	4912	Accipitridae_sp.
nutman	   .103665	4893	Lonchura_punctulata
raven	   .103093	4866	Corvus_sp._(raven_sp.)
grawar	   .102945	4859	Setophaga_graciae
bushti1	   .102818	4853	Psaltriparus_minimus_[minimus_Group]
swawar	   .102309	4829	Limnothlypis_swainsonii
bohwax	   .100763	4756	Bombycilla_garrulus
y00324	   .098771	4662	Empidonax_alnorum/traillii
ariwoo	   .098750	4661	Picoides_arizonae
gilfli	   .098708	4659	Colaptes_chrysoides
corshe	   .097436	4599	Calonectris_diomedea
chukar	   .096716	4565	Alectoris_chukar
swathr1	   .096356	4548	Catharus_ustulatus_[ustulatus_Group]
bacspa	   .096102	4536	Peucaea_aestivalis
ruwspa	   .095381	4502	Peucaea_carpalis
y00476	   .095085	4488	Tringa_melanoleuca/flavipes
bkcspa	   .091970	4341	Spizella_atrogularis
grykin	   .089322	4216	Tyrannus_dominicensis
savspa2	   .088390	4172	Passerculus_sandwichensis_[sandwichensis_Group]
zothaw	   .087903	4149	Buteo_albonotatus
nwcspa	   .087458	4128	Zonotrichia_leucophrys_nuttalli
blkbra1	   .086992	4106	Branta_bernicla_nigricans/orientalis
cormor1	   .085360	4029	Phalacrocorax_sp.
chclon	   .085297	4026	Calcarius_ornatus
conwar	   .082733	3905	Oporornis_agilis
calgna	   .081017	3824	Polioptila_californica
eawvir1	   .080953	3821	Vireo_gilvus_gilvus
roster	   .080445	3797	Sterna_dougallii
dawsco	   .080021	3777	Melanitta_perspicillata/nigra
mexduc	   .079767	3765	Anas_platyrhynchos_diazi
flsjay	   .079725	3763	Aphelocoma_coerulescens
lcspet	   .079068	3732	Oceanodroma_leucorhoa
scoter	   .078453	3703	Melanitta_sp.
altori	   .077479	3657	Icterus_gularis
bldspa	   .077352	3651	Passerculus_sandwichensis_[guttatus_Group]
compau	   .077119	3640	Nyctidromus_albicollis
passer1	   .077013	3635	Passeriformes_sp.
y00322	   .076970	3633	Picoides_pubescens/villosus
yelwar1	   .074873	3534	Setophaga_petechia_[aestiva_Group]
rinkin1	   .072754	3434	Megaceryle_torquata
perfal1	   .072712	3432	Falco_peregrinus_anatum
wesfly	   .070085	3308	Empidonax_difficilis/occidentalis
recwoo	   .068390	3228	Picoides_borealis
archil1	   .067775	3199	Archilochus_colubris/alexandri
sterna	   .067542	3188	Sterna_sp.
eutspa	   .067394	3181	Passer_montanus
y00470	   .066695	3148	Branta_hutchinsii/canadensis
sprpip	   .066568	3142	Anthus_spragueii
spotow2	   .065085	3072	Pipilo_maculatus_[maculatus_Group]
dowwoo1	   .064534	3046	Picoides_pubescens_pubescens/medianus
loon	   .064492	3044	Gavia_sp.
plegad	   .064301	3035	Plegadis_sp.
bkvshe	   .064068	3024	Puffinus_opisthomelas
yecpar	   .063453	2995	Brotogeris_chiriri
jaeger	   .063284	2987	Stercorarius_sp._(jaeger_sp.)
larus1	   .063072	2977	Larus_sp.
arcter	   .062775	2963	Sterna_paradisaea
bulshe	   .062564	2953	Puffinus_bulleri
mwcspa1	   .062458	2948	Zonotrichia_leucophrys_oriantha
manshe	   .062267	2939	Puffinus_puffinus
buthum	   .061759	2915	Lampornis_clemenciae
alcgoo1	   .061271	2892	Branta_hutchinsii_leucopareia
refwar	   .060614	2861	Cardellina_rubrifrons
varbun	   .060530	2857	Passerina_versicolor
whocra	   .060445	2853	Grus_americana
barswa5	   .060318	2847	Hirundo_rustica_erythrogaster
bkhpar	   .059449	2806	Nandayus_nenday
borchi2	   .059386	2803	Poecile_hudsonicus
nobtyr	   .059153	2792	Camptostoma_imberbe
lotjae	   .058623	2767	Stercorarius_longicaudus
bkbwoo	   .057267	2703	Picoides_arcticus
bcxtit1	   .056589	2671	Baeolophus_bicolor_x_atricristatus
purfin1	   .056547	2669	Haemorhous_purpureus_purpureus
foxsp4	   .056271	2656	Passerella_iliaca_[megarhyncha_Group]
shthaw	   .056165	2651	Buteo_brachyurus
hrthaw1	   .056123	2649	Buteo_jamaicensis_harlani
sopsku1	   .054576	2576	Stercorarius_maccormicki
audori	   .054216	2559	Icterus_graduacauda
snakit	   .054153	2556	Rostrhamus_sociabilis
soogro1	   .052733	2489	Dendragapus_fuliginosus
clcrob	   .051970	2453	Turdus_grayi
cacgoo2	   .051631	2437	Branta_hutchinsii_minima
tufpuf	   .051186	2416	Fratercula_cirrhata
shtgro	   .050975	2406	Tympanuchus_phasianellus
grypar	   .050572	2387	Perdix_perdix
amerob1	   .050042	2362	Turdus_migratorius_migratorius/achrusterus
gragoo1	   .049216	2323	Anser_anser_(Domestic_type)
subfly	   .049174	2321	Myiodynastes_luteiventris
rxyfli	   .049131	2319	Colaptes_auratus_luteus_x_cafer
bkspet	   .048496	2289	Oceanodroma_melania
vichum	   .048432	2286	Amazilia_violiceps
ricgoo1	   .047881	2260	Branta_hutchinsii_hutchinsii
gcrfin	   .047225	2229	Leucosticte_tephrocotis
grpchi	   .046483	2194	Tympanuchus_cupido
mcclon	   .045784	2161	Rhynchophanes_mccownii
litgul	   .045678	2156	Hydrocoloeus_minutus
stejay2	   .045614	2153	Cyanocitta_stelleri_[diademata_Group]
botspa	   .045445	2145	Peucaea_botterii
rewbul	   .045254	2136	Pycnonotus_jocosus
asspet	   .044661	2108	Oceanodroma_homochroa
taimer1	   .044343	2093	Falco_columbarius_columbarius
grbani	   .044216	2087	Crotophaga_sulcirostris
mouplo	   .044153	2084	Charadrius_montanus
shoreb1	   .043898	2072	Charadriiformes_sp.
elfowl	   .042500	2006	Micrathene_whitneyi
audshe	   .042415	2002	Puffinus_lherminieri
cathus	   .042267	1995	Catharus_sp.
gchwar	   .042267	1995	Setophaga_chrysoparia
attwoo1	   .041992	1982	Picoides_dorsalis
kineid	   .041758	1971	Somateria_spectabilis
oliwar	   .041737	1970	Peucedramus_taeniatus
whbnut4	   .041568	1962	Sitta_carolinensis_[aculeata_Group]
houwre1	   .041462	1957	Troglodytes_aedon_[aedon_Group]
naswar2	   .041335	1951	Oreothlypis_ruficapilla_ridgwayi
eletro	   .041208	1945	Trogon_elegans
woodpe1	   .040869	1929	Picidae_sp.
mexjay1	   .040381	1906	Aphelocoma_wollweberi_[wollweberi_Group]
lecthr	   .039809	1879	Toxostoma_lecontei
y00327	   .038941	1838	Baeolophus_bicolor/atricristatus
rempar	   .038284	1807	Aratinga_erythrogenys
whcpig2	   .037394	1765	Patagioenas_leucocephala
sagspa1	   .037267	1759	Artemisiospiza_belli_nevadensis/canescens
x00422	   .037225	1757	Anas_platyrhynchos_x_fulvigula
grepew	   .037182	1755	Contopus_pertinax
bkhgul	   .036928	1743	Chroicocephalus_ridibundus
blkswi	   .036547	1725	Cypseloides_niger
kumgul1	   .036165	1707	Larus_glaucoides_kumlieni
luchum	   .035890	1694	Calothorax_lucifer
dusgro	   .035805	1690	Dendragapus_obscurus
chicka1	   .035784	1689	Poecile_sp.
orabis1	   .034280	1618	Euplectes_franciscanus
pagplo	   .033750	1593	Pluvialis_fulva
bkcvir1	   .033581	1585	Vireo_atricapilla
shbdow1	   .032987	1557	Limnodromus_griseus_griseus
orcwar2	   .032458	1532	Oreothlypis_celata_orestera
ftspet	   .032352	1527	Oceanodroma_furcata
doveki	   .032034	1512	Alle_alle
ruff	   .031949	1508	Philomachus_pugnax
brnboo	   .031864	1504	Sula_leucogaster
commer1	   .031716	1497	Mergus_merganser_americanus
atlpuf	   .031525	1488	Fratercula_arctica
swathr2	   .030720	1450	Catharus_ustulatus_swainsoni
sooter1	   .030657	1447	Onychoprion_fuscatus
xanmur2	   .030360	1433	Synthliboramphus_scrippsi
peflov	   .030339	1432	Agapornis_roseicollis
whwjun	   .030339	1432	Junco_hyemalis_aikeni
saggro	   .030275	1429	Centrocercus_urophasianus
marwre2	   .029936	1413	Cistothorus_palustris_[plesius_Group]
y00338	   .029873	1410	Haemorhous_purpureus/mexicanus
y00323	   .029788	1406	Colaptes_auratus/chrysoides
lilmea2	   .029767	1405	Sturnella_magna_lilianae
haiwoo2	   .029576	1396	Picoides_villosus_[villosus_Group]
rewbla1	   .029449	1390	Agelaius_phoeniceus_[phoeniceus_Group]
ancmur	   .029153	1376	Synthliboramphus_antiquus
tern1	   .028962	1367	Sterninae_sp.
comgra2	   .028686	1354	Quiscalus_quiscula_versicolor
whwsco2	   .028178	1330	Melanitta_fusca_deglandi
teal	   .027966	1320	Anas_sp._(teal_sp.)
dabduc1	   .027860	1315	Anas_sp.
egygoo	   .027585	1302	Alopochen_aegyptiaca
gryvir	   .027352	1291	Vireo_vicinior
y00656	   .027309	1289	Larus_occidentalis/glaucescens
lecgoo1	   .027161	1282	Branta_canadensis_parvipes
amepip2	   .027161	1282	Anthus_rubescens_rubescens/pacificus
foxsp3	   .027055	1277	Passerella_iliaca_[schistacea_Group]
benthr	   .026928	1271	Toxostoma_bendirei
grwher	   .026716	1261	Ardea_herodias_occidentalis
bcrfin	   .026441	1248	Leucosticte_australis
calcon	   .026314	1242	Gymnogyps_californianus
monqua	   .026165	1235	Cyrtonyx_montezumae
spoowl	   .026144	1234	Strix_occidentalis
ipsspa	   .026038	1229	Passerculus_sandwichensis_princeps
x00050	   .026038	1229	Larus_argentatus_x_glaucescens
flaowl	   .025996	1227	Otus_flammeolus
tufduc	   .025763	1216	Aythya_fuligula
grnpar	   .025614	1209	Aratinga_holochlora
phalar	   .025466	1202	Phalaropus_sp.
laralc1	   .025297	1194	Uria/Alca_sp.
hoared	   .024746	1168	Acanthis_hornemanni
goldfi	   .024703	1166	Spinus_sp._(goldfinch_sp.)
x00195	   .024513	1157	Poecile_carolinensis_x_atricapillus
spodov	   .024449	1154	Streptopelia_chinensis
yefgul	   .024195	1142	Larus_livens
barpet	   .024004	1133	Oceanodroma_castro
souwpw1	   .023835	1125	Antrostomus_arizonae
mallar3	   .023771	1122	Anas_platyrhynchos_platyrhynchos/conboschas
falcon	   .023729	1120	Falco_sp.
thbkin	   .023114	1091	Tyrannus_crassirostris
whsowl1	   .023072	1089	Megascops_trichopsis
bkrfin	   .023030	1087	Leucosticte_atrata
moudov2	   .022987	1085	Zenaida_macroura_[carolinensis_Group]
hooori1	   .022924	1082	Icterus_cucullatus_[nelsoni_Group]
briter1	   .022860	1079	Onychoprion_anaethetus
mitpar	   .022839	1078	Aratinga_mitrata
bkwvir	   .022818	1077	Vireo_altiloquus
shbdow3	   .022754	1074	Limnodromus_griseus_caurinus
smilon	   .022733	1073	Calcarius_pictus
bewwre1	   .022394	1057	Thryomanes_bewickii_[spilurus_Group]
y00014	   .022331	1054	Empidonax_hammondii/oberholseri
bkcpet	   .022267	1051	Pterodroma_hasitata
amerob4	   .022246	1050	Turdus_migratorius_[propinquus_Group]
blkrai	   .021737	1026	Laterallus_jamaicensis
y00325	   .021610	1020	Tyrannus_melancholicus/couchii
y00314	   .021420	1011	Anas_discors/cyanoptera
herthr1	   .021356	1008	Catharus_guttatus_[guttatus_Group]
sprgro	   .021335	1007	Falcipennis_canadensis
grackl	   .021271	1004	Quiscalus_sp.
shtshe	   .020869	985	Puffinus_tenuirostris
bubfly	   .020784	981	Empidonax_fulvifrons
whiegr1	   .020508	968	Egretta/Bubulcus_sp.
tacgoo1	   .020381	962	Branta_hutchinsii_taverneri
rebjun1	   .020381	962	Junco_hyemalis_dorsalis
brespa1	   .020127	950	Spizella_breweri_breweri
y00469	   .019746	932	Chen_caerulescens/rossii
bargoo	   .019703	930	Branta_leucopsis
bicthr	   .019597	925	Catharus_bicknelli
brbhum1	   .019492	920	Cynanthus_latirostris_[latirostris_Group]
calgul1	   .019025	898	Larus_californicus_californicus
herthr3	   .019004	897	Catharus_guttatus_faxoni/crymophilus
y00471	   .018644	880	Cygnus_buccinator/columbianus
spizel	   .018581	877	Spizella_sp.
egwtea1	   .018432	870	Anas_crecca_crecca/nimia
y00612	   .018284	863	Accipiter_striatus/cooperii
flfshe	   .018157	857	Puffinus_carneipes
leastp3	   .018136	856	Oceanodroma_leucorhoa_leucorhoa
redcro3	   .018136	856	Loxia_curvirostra_(type_3)
yetwar2	   .018136	856	Setophaga_dominica_dominica/stoddardi
comblh1	   .017924	846	Buteogallus_anthracinus
greegr2	   .017860	843	Ardea_alba_egretta
yehpar	   .017733	837	Amazona_oratrix
nohowl	   .017585	830	Surnia_ulula
cobhaw	   .017542	828	Buteogallus_anthracinus_anthracinus/utilensis
cangoo3	   .017309	817	Branta_canadensis_occidentalis/fulva
krthaw1	   .017225	813	Buteo_jamaicensis_kriderii
spbori	   .017225	813	Icterus_pectoralis
purmar2	   .017119	808	Progne_subis_hesperia
mallar4	   .016970	801	Anas_platyrhynchos_platyrhynchos_x_diazi
y00317	   .016716	789	Sterna_hirundo/paradisaea
tunswa1	   .016568	782	Cygnus_columbianus_columbianus
mexchi	   .016292	769	Poecile_sclateri
shearw	   .016292	769	Calonectris/Puffinus_sp.
orcwar1	   .016186	764	Oreothlypis_celata_celata
frthaw1	   .016186	764	Buteo_jamaicensis_fuertesi
belvir3	   .015996	755	Vireo_bellii_pusillus
finch1	   .015975	754	Fringillidae_sp.
marwre1	   .015847	748	Cistothorus_palustris_[paludicola_Group]
layalb	   .015784	745	Phoebastria_immutabilis
eastow1	   .015678	740	Pipilo_erythrophthalmus_erythrophthalmus/canaster
buggna1	   .015636	738	Polioptila_caerulea_caerulea
kirwar	   .015593	736	Setophaga_kirtlandii
sancra5	   .015042	710	Grus_canadensis_pratensis
grgowl	   .015042	710	Strix_nebulosa
belspa1	   .015042	710	Artemisiospiza_belli_belli
aythya1	   .015021	709	Aythya_sp.
rocsan	   .014767	697	Calidris_ptilocnemis
commyn	   .014725	695	Acridotheres_tristis
marwre3	   .014343	677	Cistothorus_palustris_[palustris_Group]
baispa	   .014322	676	Ammodramus_bairdii
shbdow2	   .014280	674	Limnodromus_griseus_hendersoni
goose1	   .014258	673	Anser/Chen/Branta_sp.
diurap1	   .014237	672	Accipitriformes/Falconiformes_sp.
masboo	   .013962	659	Sula_dactylatra
yebloo	   .013962	659	Gavia_adamsii
brnnod	   .013877	655	Anous_stolidus
compea	   .013686	646	Pavo_cristatus
mouchi3	   .013665	645	Poecile_gambeli_[gambeli_Group]
rorpar	   .013517	638	Psittacula_krameri
bucpar	   .013475	636	Aratinga_acuticaudata
swagoo2	   .013475	636	Anser_cygnoides_(Domestic_type)
tropar	   .013411	633	Setophaga_pitiayumi
daejun1	   .013136	620	Junco_hyemalis_cismontanus
rugdov	   .013051	616	Columbina_talpacoti
haiwoo5	   .013051	616	Picoides_villosus_orius/icastus
yelrai	   .012966	612	Coturnicops_noveboracensis
brewar	   .012924	610	Vermivora_cyanoptera_x_chrysoptera_(F1_hybrid)
whehum	   .012733	601	Hylocharis_leucotis
turvul2	   .012712	600	Cathartes_aura_aura/septentrionalis
reshaw2	   .012691	599	Buteo_lineatus_extimus
y00604	   .012669	598	Petrochelidon_pyrrhonota/fulva
norcar1	   .012627	596	Cardinalis_cardinalis_[cardinalis_Group]
shtspa	   .012585	594	Ammodramus_nelsoni/caudacutus
oriole	   .012564	593	Icterus_sp.
brnpel3	   .012394	585	Pelecanus_occidentalis_californicus
purswa	   .012394	585	Porphyrio_porphyrio
reevir1	   .012373	584	Vireo_olivaceus_olivaceus
naswar1	   .012161	574	Oreothlypis_ruficapilla_ruficapilla
y00598	   .012076	570	Parkesia_motacilla/noveboracensis
lepchi	   .011886	561	Tympanuchus_pallidicinctus
corshe1	   .011758	555	Calonectris_diomedea_borealis
flycat1	   .011674	551	Tyrannidae_sp.
whtpta1	   .011631	549	Lagopus_leucura
swan1	   .011483	542	Cygnus_sp.
aplfal	   .011462	541	Falco_femoralis
sancra2	   .011398	538	Grus_canadensis_tabida/rowani
y00020	   .011208	529	Puffinus_griseus/tenuirostris
alcid	   .011186	528	Alcidae_sp.
easmea2	   .011165	527	Sturnella_magna_[magna_Group]
pifgoo	   .011102	524	Anser_brachyrhynchus
clarai4	   .010996	519	Rallus_longirostris_levipes
vireo1	   .010975	518	Vireo_sp.
pramer1	   .010975	518	Falco_columbarius_richardsonii
dowwoo2	   .010953	517	Picoides_pubescens_leucurus/glacialis
thbmur	   .010911	515	Uria_lomvia
eastow2	   .010911	515	Pipilo_erythrophthalmus_alleni/rileyi
rotbec	   .010742	507	Pachyramphus_aglaiae
issjay	   .010657	503	Aphelocoma_insularis
leastp4	   .010508	496	Oceanodroma_leucorhoa_chapmani
amazon	   .010487	495	Amazona_sp.
y00335	   .010424	492	Passerina_amoena/cyanea
buggna2	   .010424	492	Polioptila_caerulea_[obscura_Group]
cursan	   .010318	487	Calidris_ferruginea
wren1	   .010297	486	Troglodytidae_sp.
rallus	   .010254	484	Rallus_longirostris/elegans
wilwar2	   .010064	475	Cardellina_pusilla_pusilla
cangoo1	   .010042	474	Branta_canadensis_canadensis/interior
yerwar3	   .009979	471	Setophaga_coronata_coronata_x_auduboni
lsspet	   .009809	463	Oceanodroma_microsoma
nstspa2	   .009788	462	Ammodramus_nelsoni_subvirgatus
y00226	   .009746	460	Pipilo_maculatus/erythrophthalmus
stejay1	   .009661	456	Cyanocitta_stelleri_[stelleri_Group]
rebtro	   .009619	454	Phaethon_aethereus
licpar	   .009301	439	Amazona_finschi
selasp	   .009258	437	Selasphorus_sp.
norwhe	   .009174	433	Oenanthe_oenanthe
yetwar1	   .009089	429	Setophaga_dominica_albilora
zonotr1	   .009047	427	Zonotrichia_sp.
shicow	   .009004	425	Molothrus_bonariensis
rubrob	   .009004	425	Turdus_rufopalliatus
dunlin1	   .009004	425	Calidris_alpina_pacifica/arcticola
pepfal1	   .008877	419	Falco_peregrinus_pealei
fisspa	   .008814	416	Amphispiza_quinquestriata
berhum	   .008792	415	Amazilia_beryllina
y00600	   .008750	413	Anas_rubripes/platyrhynchos
y00479	   .008729	412	Stercorarius_pomarinus/parasiticus
comred3	   .008708	411	Acanthis_flammea_flammea
bushti2	   .008708	411	Psaltriparus_minimus_[plumbeus_Group]
herthr2	   .008708	411	Catharus_guttatus_[auduboni_Group]
fotfly	   .008686	410	Tyrannus_savana
nelgul	   .008665	409	Larus_argentatus_x_hyperboreus
redcro4	   .008581	405	Loxia_curvirostra_(type_4)
norhar2	   .008369	395	Circus_cyaneus_hudsonius
slbgul	   .008369	395	Larus_schistisagus
brnjay	   .008284	391	Psilorhinus_morio
rocpig1	   .008178	386	Columba_livia_(Domestic_type)
x00421	   .008157	385	Anas_penelope_x_americana
carwre1	   .008136	384	Thryothorus_ludovicianus_[ludovicianus_Group]
orcwar4	   .008114	383	Oreothlypis_celata_sordida
whcsee	   .008114	383	Sporophila_torqueola
bknsti1	   .008114	383	Himantopus_mexicanus_mexicanus
tupfal1	   .008051	380	Falco_peregrinus_tundrius/calidus
commoo2	   .008051	380	Gallinula_galeata_[galeata_Group]
osprey1	   .008030	379	Pandion_haliaetus_carolinensis
manduc	   .007966	376	Aix_galericulata
y00004	   .007924	374	Bucephala_clangula/islandica
crcgro	   .007860	371	Rhodothraupis_celaeno
y00224	   .007839	370	Mergus_merganser/serrator
bkcgna	   .007733	365	Polioptila_nigriceps
mancuc	   .007606	359	Coccyzus_minor
rebpig1	   .007585	358	Patagioenas_flavirostris
aratin	   .007585	358	Aratinga_sp.
smafal	   .007564	357	Falco_sp._(small_falcon_sp.)
norlap	   .007458	352	Vanellus_vanellus
myiarc	   .007458	352	Myiarchus_sp.
rnxsap1	   .007352	347	Sphyrapicus_nuchalis_x_ruber
hilmyn	   .007331	346	Gracula_religiosa
gyrfal	   .007331	346	Falco_rusticolus
fepowl	   .007309	345	Glaucidium_brasilianum
redcro2	   .007267	343	Loxia_curvirostra_(type_2)
flctan	   .007246	342	Piranga_bidentata
nstspa1	   .007225	341	Ammodramus_nelsoni_nelsoni/alter
gwfgoo2	   .007203	340	Anser_albifrons_gambelli/frontalis
coopet	   .007097	335	Pterodroma_cookii
labspa	   .006907	326	Passerculus_sandwichensis_rostratus/atratus
thrush1	   .006843	323	Turdidae_sp.
sapsuc	   .006822	322	Sphyrapicus_sp.
wfspet	   .006801	321	Pelagodroma_marina
ivogul	   .006801	321	Pagophila_eburnea
gycrof1	   .006737	318	Leucosticte_tephrocotis_littoralis
y00229	   .006589	311	Podiceps_auritus/nigricollis
botgra3	   .006589	311	Quiscalus_major_westoni
rucwar	   .006589	311	Basileuterus_rufifrons
falduc	   .006547	309	Anas_falcata
whcspa2	   .006525	308	Zonotrichia_leucophrys_leucophrys/oriantha
whcspa3	   .006504	307	Zonotrichia_leucophrys_nuttalli/pugetensis
gryjay2	   .006398	302	Perisoreus_canadensis_capitalis/albescens
gycrof4	   .006314	298	Leucosticte_tephrocotis_[tephrocotis_Group]
houfin1	   .006314	298	Haemorhous_mexicanus_[mexicanus_Group]
norbob1	   .006186	292	Colinus_virginianus_[virginianus_Group]
batgod	   .006144	290	Limosa_lapponica
y00484	   .006038	285	Vireo_plumbeus/cassinii
lbbgul3	   .005953	281	Larus_fuscus_graellsii
norjac	   .005932	280	Jacana_spinosa
bewwre2	   .005847	276	Thryomanes_bewickii_[eremophilus_Group]
dove1	   .005805	274	Columbidae_sp.
amekes1	   .005805	274	Falco_sparverius_[sparverius_Group]
gwfgoo1	   .005720	270	Anser_albifrons_flavirostris
shtsan	   .005699	269	Calidris_acuminata
y00496	   .005636	266	Calidris_pusilla/mauri
musduc	   .005614	265	Cairina_moschata
masduc	   .005593	264	Nomonyx_dominicus
blkmer1	   .005530	261	Falco_columbarius_suckleyi
wilfly1	   .005508	260	Empidonax_traillii_traillii
stopet	   .005508	260	Hydrobatidae_sp.
sonspa2	   .005487	259	Melospiza_melodia_[melodia_Group]
reshaw1	   .005381	254	Buteo_lineatus_lineatus
owl1	   .005381	254	Strigiformes_sp.
xanmur	   .005339	252	Synthliboramphus_scrippsi/hypoleucus
yegvir	   .005297	250	Vireo_flavoviridis
eassco2	   .005212	246	Megascops_asio_mccallii
larter1	   .005212	246	Hydroprogne/Thalasseus_sp.
gnatca1	   .005191	245	Polioptila_sp.
clarai3	   .005191	245	Rallus_longirostris_obsoletus
scsspa1	   .005148	243	Artemisiospiza_belli_clementeae
smbani	   .005085	240	Crotophaga_ani
comter1	   .005085	240	Sterna_hirundo_hirundo
bktgul	   .005064	239	Larus_crassirostris
ammodr1	   .005042	238	Ammodramus_sp.
doccor1	   .005021	237	Phalacrocorax_auritus_auritus/floridanus
grnher1	   .005021	237	Butorides_virescens_virescens/bahamensis
bwxtea1	   .005021	237	Anas_discors_x_cyanoptera
nrwswa1	   .004979	235	Stelgidopteryx_serripennis_[serripennis_Group]
moupyo1	   .004894	231	Glaucidium_gnoma_gnoma
y00334	   .004873	230	Pheucticus_ludovicianus/melanocephalus
spoowl4	   .004873	230	Strix_occidentalis_lucida
waterf1	   .004852	229	Anatidae_sp.
solsan1	   .004852	229	Tringa_solitaria_solitaria
xanmur1	   .004831	228	Synthliboramphus_hypoleucus
kingle	   .004809	227	Regulus_sp.
yebkin2	   .004788	226	Tyrannus_sp._(yellow-bellied)
nighth1	   .004788	226	Chordeiles_sp.
pitwhy	   .004767	225	Vidua_macroura
bntwre1	   .004767	225	Troglodytes_aedon_[brunneicollis_Group]
borowl	   .004767	225	Aegolius_funereus
purmar1	   .004746	224	Progne_subis_subis/arboricola
burowl2	   .004746	224	Athene_cunicularia_hypugaea
leastp1	   .004746	224	Oceanodroma_leucorhoa_chapmani/soccorroensis
longsp1	   .004640	219	Calcarius/Rhynchophanes_sp.
larfal	   .004597	217	Falco_sp._(large_falcon_sp.)
sancra4	   .004555	215	Grus_canadensis_pulla
horpuf	   .004513	213	Fratercula_corniculata
sumtan2	   .004386	207	Piranga_rubra_rubra
wilwar1	   .004343	205	Cardellina_pusilla_pileolata
whttro	   .004322	204	Phaethon_lepturus
gcrwar	   .004258	201	Basileuterus_culicivorus
yebcha1	   .004174	197	Icteria_virens_virens
sancra1	   .004153	196	Grus_canadensis_canadensis
lawwar	   .004131	195	Vermivora_cyanoptera_x_chrysoptera_(F2_backcross)
solvir1	   .004110	194	Vireo_plumbeus/cassinii/solitarius
murpet	   .004047	191	Pterodroma_ultima
plcsta	   .004025	190	Heliomaster_constantii
mdxmal1	   .003983	188	Cairina_moschata_x_Anas_platyrhynchos
brnpel2	   .003983	188	Pelecanus_occidentalis_carolinensis
norpyo1	   .003962	187	Glaucidium_gnoma_[californicum_Group]
comrav2	   .003941	186	Corvus_corax_sinuatus
y00629	   .003941	186	Quiscalus_major/mexicanus
buntin	   .003941	186	Passerina_sp.
y00627	   .003898	184	Setophaga_castanea/striata
x00197	   .003877	183	Chen_caerulescens_x_Branta_canadensis
belvir1	   .003856	182	Vireo_bellii_bellii/medius
lasfly	   .003792	179	Myiarchus_sagrae
tromoc	   .003771	178	Mimus_gilvus
easblu1	   .003708	175	Sialia_sialis_[sialis_Group]
retpip	   .003623	171	Anthus_cervinus
redpol	   .003602	170	Acanthis_flammea/hornemanni
grebe1	   .003538	167	Podicipedidae_sp.
y00478	   .003538	167	Larus_thayeri/glaucoides
comcha	   .003517	166	Fringilla_coelebs
nutfly	   .003517	166	Myiarchus_nuttingi
whwpar	   .003496	165	Brotogeris_versicolurus
y00606	   .003496	165	Calonectris_diomedea/Puffinus_gravis
orcori2	   .003496	165	Icterus_spurius_spurius
whtrob1	   .003496	165	Turdus_assimilis
gusgro	   .003496	165	Centrocercus_minimus
redcro10	   .003475	164	Loxia_curvirostra_(type_10)
y00635	   .003453	163	Phalaropus_lobatus/fulicarius
empgoo	   .003453	163	Chen_canagica
ixlbun	   .003453	163	Passerina_amoena_x_cyanea
y00225	   .003432	162	Catharus_minimus/bicknelli
whevir1	   .003411	161	Vireo_griseus_[griseus_Group]
relpar	   .003390	160	Amazona_autumnalis
redcro9	   .003369	159	Loxia_curvirostra_sinesciuris
gryjay3	   .003305	156	Perisoreus_canadensis_[obscurus_Group]
stbori	   .003284	155	Icterus_pustulatus
wurher	   .003284	155	Ardea_herodias_(Wurdemann's)
whiwag	   .003284	155	Motacilla_alba
sumtan1	   .003242	153	Piranga_rubra_cooperi
rocwre1	   .003199	151	Salpinctes_obsoletus_[obsoletus_Group]
gadwal1	   .003178	150	Anas_strepera_strepera
antnig	   .003178	150	Chordeiles_gundlachii
woopew	   .003157	149	Contopus_sordidulus/virens
gnwtea1	   .003136	148	Anas_crecca_crecca/nimia_x_carolinensis
sxrgoo1	   .003136	148	Chen_caerulescens_x_rossii
yefgra1	   .003114	147	Tiaris_olivaceus
cliswa2	   .003114	147	Petrochelidon_pyrrhonota_[pyrrhonota_Group]
clarai5	   .003093	146	Rallus_longirostris_yumanensis
y00326	   .003051	144	Baeolophus_inornatus/ridgwayi
y00481	   .003030	143	Stercorarius_parasiticus/longicaudus
heron1	   .003030	143	Ardeidae_sp.
bluebi	   .003008	142	Sialia_sp.
bkcnih2	   .003008	142	Nycticorax_nycticorax_hoactli
y00022	   .002987	141	Icterus_bullockii/galbula
indpea1	   .002987	141	Pavo_cristatus_(Domestic_type)
hobkit	   .002987	141	Chondrohierax_uncinatus
rosgul	   .002945	139	Rhodostethia_rosea
winwre	   .002924	138	Troglodytes_pacificus/hiemalis
bktgod	   .002924	138	Limosa_limosa
y00482	   .002924	138	Synthliboramphus_scrippsi/hypoleucus/craveri
redjun	   .002903	137	Gallus_gallus
bawshe1	   .002860	135	Puffinus_sp.
sedwre1	   .002860	135	Cistothorus_platensis_stellaris
picoid	   .002839	134	Picoides_sp.
larsho1	   .002797	132	Scolopacidae_sp._(large_shorebird_sp.)
parauk	   .002712	128	Aethia_psittacula
y00494	   .002669	126	Pluvialis_sp.
leastp5	   .002669	126	Oceanodroma_leucorhoa_socorroensis
snoplo3	   .002669	126	Charadrius_nivosus_nivosus
hutvir1	   .002669	126	Vireo_huttoni_[huttoni_Group]
rail1	   .002669	126	Rallidae_sp.
dendro3	   .002627	124	Setophaga_sp.
orcwar5	   .002606	123	Oreothlypis_celata_celata/orestera
brambl	   .002606	123	Fringilla_montifringilla
comcuc	   .002606	123	Cuculus_canorus
wilfly3	   .002585	122	Empidonax_traillii_extimus
pinsis1	   .002585	122	Spinus_pinus_pinus/macropterus
chfmac1	   .002564	121	Ara_severus
x00006	   .002564	121	Haematopus_palliatus_x_bachmani
brnshr	   .002542	120	Lanius_cristatus
litegr	   .002521	119	Egretta_garzetta
redcro5	   .002500	118	Loxia_curvirostra_(type_5)
hoocra1	   .002500	118	Grus_monacha
x00425	   .002500	118	Bucephala_clangula_x_Lophodytes_cucullatus
woosan	   .002479	117	Tringa_glareola
btmjay	   .002415	114	Calocitta_colliei
murrel	   .002415	114	Brachyramphus/Synthliboramphus_sp.
budger	   .002394	113	Melopsittacus_undulatus
gresku1	   .002394	113	Stercorarius_skua
x00059	   .002373	112	Setophaga_townsendi_x_occidentalis
colwar	   .002373	112	Oreothlypis_crissalis
parrot	   .002352	111	Psittacidae_sp._(parrot_sp.)
royter3	   .002331	110	Thalasseus_maximus_maximus
y00619	   .002331	110	Tyrannus_vociferans/verticalis
y00316	   .002288	108	Thalasseus_maximus/elegans
y00647	   .002288	108	Cardinalis_cardinalis/sinuatus
feapet1	   .002288	108	Pterodroma_feae
leater3	   .002288	108	Sternula_antillarum_athalassos
crossb	   .002267	107	Loxia_sp.
mouchi4	   .002246	106	Poecile_gambeli_[baileyae_Group]
x00048	   .002225	105	Larus_glaucescens_x_hyperboreus
blkter2	   .002225	105	Chlidonias_niger_surinamensis
categr1	   .002182	103	Bubulcus_ibis_ibis
shrike	   .002161	102	Lanius_sp.
cavswa2	   .002140	101	Petrochelidon_fulva_[fulva_Group]
santer2	   .002140	101	Thalasseus_sandvicensis_acuflavidus
shshaw2	   .002140	101	Accipiter_striatus_[velox_Group]
daejun5	   .002140	101	Junco_hyemalis_hyemalis/carolinensis/cismontanus
scoshe1	   .002119	100	Calonectris_diomedea_diomedea
blkswa	   .002119	100	Cygnus_atratus
sonspa1	   .002119	100	Melospiza_melodia_[fallax_Group]
gargan	   .002097	99	Anas_querquedula
grefla2	   .002076	98	Phoenicopterus_ruber
taibeg1	   .002055	97	Anser_fabalis
y00610	   .002055	97	Nycticorax_nycticorax/Nyctanassa_violacea
orwpar	   .002034	96	Amazona_amazonica
whwcro2	   .001992	94	Loxia_leucoptera_leucoptera
y00222	   .001970	93	Pluvialis_dominica/fulva
blkski1	   .001949	92	Rynchops_niger_niger
rethaw4	   .001949	92	Buteo_jamaicensis_abieticola
mergan1	   .001928	91	Lophodytes/Mergus_sp.
bfoboo	   .001928	91	Sula_nebouxii
batpig2	   .001907	90	Patagioenas_fasciata_[fasciata_Group]
litsti	   .001886	89	Calidris_minuta
x00013	   .001886	89	Icterus_bullockii_x_galbula
x00057	   .001886	89	Larus_argentatus_x_fuscus
y00616	   .001886	89	Coccyzus_americanus/erythropthalmus
tripet1	   .001886	89	Pterodroma_arminjoniana_arminjoniana
comyel3	   .001864	88	Geothlypis_trichas_[trichas_Group]
cramur	   .001843	87	Synthliboramphus_craveri
rensti	   .001843	87	Calidris_ruficollis
vultur1	   .001843	87	Cathartidae_sp.
blknod	   .001843	87	Anous_minutus
maywar1	   .001822	86	Setophaga_petechia_[erithachorides_Group]
verfly2	   .001801	85	Pyrocephalus_rubinus_[rubinus_Group]
blubun	   .001801	85	Cyanocompsa_parellina
aztthr	   .001780	84	Ridgwayia_pinicola
x00420	   .001780	84	Anas_strepera_x_platyrhynchos
yebcha2	   .001780	84	Icteria_virens_auricollis
carpod	   .001758	83	Carpodacus_sp.
solsan2	   .001758	83	Tringa_solitaria_cinnamomea
redjun1	   .001737	82	Gallus_gallus_(Domestic_type)
cubthr1	   .001737	82	Toxostoma_curvirostre_[curvirostre_Group]
doccor2	   .001737	82	Phalacrocorax_auritus_cincinatus/albociliatus
dunlin2	   .001737	82	Calidris_alpina_hudsonia
rosfin	   .001716	81	Leucosticte_sp.
x00427	   .001716	81	Aechmophorus_occidentalis_x_clarkii
y00221	   .001695	80	Buteo/eagle_sp.
y00318	   .001695	80	Onychoprion_fuscatus/anaethetus
brwhaw1	   .001674	79	Buteo_platypterus_platypterus
horlar3	   .001653	78	Eremophila_alpestris_[alpestris_Group]
blumoc	   .001631	77	Melanotis_caerulescens
baymac	   .001631	77	Ara_ararauna
x00047	   .001631	77	Larus_argentatus_x_marinus
revbul	   .001610	76	Pycnonotus_cafer
x00435	   .001610	76	Larus_thayeri_x_glaucoides
lesplo	   .001589	75	Charadrius_mongolus
rubrob1	   .001568	74	Turdus_rufopalliatus_rufopalliatus
arcloo	   .001568	74	Gavia_arctica
bucnig	   .001568	74	Antrostomus_ridgwayi
gwfgoo3	   .001568	74	Anser_albifrons_elgasi
x00415	   .001525	72	Anser_albifrons_x_Branta_canadensis
rucwar2	   .001525	72	Basileuterus_rufifrons_[rufifrons_Group]
baitea	   .001525	72	Anas_formosa
norgos2	   .001504	71	Accipiter_gentilis_atricapillus/laingi
refboo	   .001504	71	Sula_sula
eagle1	   .001504	71	Haliaeetus/Aquila_sp.
grnher2	   .001483	70	Butorides_virescens_anthonyi
shtalb	   .001483	70	Phoebastria_albatrus
botgra2	   .001483	70	Quiscalus_major_torreyi/alabamensis
melane1	   .001483	70	Melanerpes_sp.
skua	   .001462	69	Stercorarius_sp._(skua_sp.)
rudduc1	   .001462	69	Oxyura_jamaicensis_jamaicensis/andina
eurgol	   .001441	68	Carduelis_carduelis
y00227	   .001419	67	Euphagus_carolinus/cyanocephalus
herpet	   .001419	67	Pterodroma_arminjoniana
hawpet1	   .001419	67	Pterodroma_sandwichensis
helgui1	   .001398	66	Numida_meleagris_(Domestic_type)
comrav1	   .001398	66	Corvus_corax_principalis
tamcro	   .001398	66	Corvus_imparatus
y00639	   .001377	65	Corvus_sp.
sinwre1	   .001377	65	Thryophilus_sinaloa
horlar1	   .001377	65	Eremophila_alpestris_[strigata_Group]
grhgul	   .001356	64	Chroicocephalus_cirrocephalus
kelgul	   .001356	64	Larus_dominicanus
corplo	   .001356	64	Charadrius_hiaticula
procel2	   .001335	63	Procellariidae_sp.
heptan1	   .001314	62	Piranga_flava_[hepatica_Group]
cxbgol1	   .001314	62	Bucephala_clangula_x_islandica
nuthat1	   .001292	61	Sitta_sp.
haiwoo1	   .001271	60	Picoides_villosus_[harrisi_Group]
bewwre3	   .001271	60	Thryomanes_bewickii_bewickii/altus
rinphe1	   .001250	59	Phasianus_colchicus_[colchicus_Group]
horlar2	   .001250	59	Eremophila_alpestris_[leucolaema_Group]
x00446	   .001229	58	Pipilo_maculatus_x_erythrophthalmus
storm-2	   .001229	58	Hydrobatidae_sp._(white-rumped)
albatr1	   .001229	58	Diomedeidae_sp.
y00337	   .001208	57	Molothrus_aeneus/ater
pirang1	   .001208	57	Piranga_sp.
graspa2	   .001208	57	Ammodramus_savannarum_pratensis
hoared2	   .001208	57	Acanthis_hornemanni_exilipes
x00611	   .001208	57	Anas_americana_x_platyrhynchos
y00614	   .001208	57	Gallinula/Fulica_sp.
swift1	   .001208	57	Apodidae_sp.
afcdov1	   .001186	56	Streptopelia_roseogrisea
bkvori	   .001165	55	Icterus_wagleri
waxwin	   .001165	55	Bombycilla_garrulus/cedrorum
murre	   .001144	54	Uria_aalge/lomvia
leater2	   .001123	53	Sternula_antillarum_antillarum
dowwoo3	   .001102	52	Picoides_pubescens_gairdnerii/turati
wesspi	   .001102	52	Spindalis_zena
bufpar	   .001081	51	Amazona_aestiva
cavswa3	   .001081	51	Petrochelidon_fulva_pallida
gnvear	   .001081	51	Colibri_thalassinus
norshr3	   .001038	49	Lanius_excubitor_borealis/invictus
y00019	   .001038	49	Sphyrapicus_varius/nuchalis
x00628	   .001017	48	Anas_platyrhynchos_x_acuta
bewswa1	   .001017	48	Cygnus_columbianus_bewickii
bahmoc	   .001017	48	Mimus_gundlachii
y00605	   .001017	48	Setophaga_nigrescens/occidentalis
attwoo2	   .000996	47	Picoides_dorsalis_dorsalis
fatwar	   .000996	47	Basileuterus_lachrymosus
comcra	   .000996	47	Grus_grus
toxost1	   .000975	46	Toxostoma_sp.
smew	   .000975	46	Mergellus_albellus
grsplo	   .000975	46	Charadrius_leschenaultii
werher	   .000975	46	Egretta_gularis
graspa3	   .000953	45	Ammodramus_savannarum_floridanus
gnbman	   .000953	45	Anthracothorax_prevostii
reshaw3	   .000932	44	Buteo_lineatus_alleni/texanus
yelwar2	   .000932	44	Setophaga_petechia_[petechia_Group]
gragoo4	   .000932	44	Anser_anser_(Domestic_type)_x_Branta_canadensis
parake	   .000911	43	Psittacidae_sp._(parakeet_sp.)
pterod	   .000890	42	Pterodroma_sp.
bnhnut1	   .000869	41	Sitta_pusilla_pusilla
whcpin	   .000869	41	Anas_bahamensis
lobmur	   .000826	39	Brachyramphus_perdix
smaplo1	   .000826	39	Charadrius_sp.
rocsan3	   .000826	39	Calidris_ptilocnemis_couesi
broman1	   .000826	39	Spermestes_cucullatus
berpet	   .000826	39	Pterodroma_cahow
litshe1	   .000805	38	Puffinus_baroli
tringa1	   .000805	38	Tringa_sp.
calidr1	   .000805	38	Calidris_sp.
brnboo1	   .000805	38	Sula_leucogaster_brewsteri
gycyel	   .000784	37	Geothlypis_poliocephala
bripet	   .000784	37	Hydrobates_pelagicus
batgod2	   .000784	37	Limosa_lapponica_baueri/menzbieri
x00039	   .000763	36	Zonotrichia_albicollis_x_Junco_hyemalis
gxwibi1	   .000742	35	Plegadis_falcinellus_x_chihi
cubpew1	   .000742	35	Contopus_caribaeus
cardue1	   .000742	35	Carduelis_sp.
sheowl2	   .000720	34	Asio_flammeus_flammeus
x00620	   .000720	34	Picoides_scalaris_x_nuttallii
quail1	   .000720	34	Odontophoridae_sp.
y00645	   .000699	33	Setophaga_townsendi/occidentalis
x00448	   .000699	33	Pheucticus_ludovicianus_x_melanocephalus
cssspa1	   .000699	33	Ammodramus_maritimus_mirabilis
tanage	   .000699	33	Thraupidae_sp._(tanager_sp.)
y00665	   .000699	33	Vermivora_cyanoptera/chrysoptera
clarai2	   .000678	32	Rallus_longirostris_scottii/saturatus
seaspa1	   .000678	32	Ammodramus_maritimus_maritimus/macgillivraii
himsno	   .000678	32	Tetraogallus_himalayensis
x00053	   .000678	32	Zonotrichia_leucophrys_x_atricapilla
spinus1	   .000657	31	Spinus_sp.
gybbra1	   .000657	31	Branta_bernicla_(Gray-bellied)
clarai1	   .000636	30	Rallus_longirostris_crepitans/waynei
veggul1	   .000636	30	Larus_argentatus_vegae
frsgro1	   .000636	30	Falcipennis_canadensis_franklinii
x00460	   .000636	30	Melanerpes_aurifrons_x_carolinus
y00620	   .000636	30	Lanius_ludovicianus/excubitor
batgod1	   .000636	30	Limosa_lapponica_lapponica
y00485	   .000636	30	Vireo_cassinii/solitarius
blkpho1	   .000636	30	Sayornis_nigricans_[nigricans_Group]
eassco1	   .000614	29	Megascops_asio_[asio_Group]
amakin1	   .000614	29	Chloroceryle_amazona
belvir2	   .000614	29	Vireo_bellii_arizonae
y00602	   .000614	29	Rallus_elegans/limicola
yelgro	   .000614	29	Pheucticus_chrysopeplus
whepar2	   .000593	28	Aratinga_leucophthalma
comgul1	   .000593	28	Larus_canus_canus
x00669	   .000593	28	Vermivora_cyanoptera_x_chrysoptera
y00328	   .000593	28	Cistothorus_platensis/palustris
spoowl3	   .000593	28	Strix_occidentalis_occidentalis
seaspa2	   .000572	27	Ammodramus_maritimus_[sennetti_Group]
whwter	   .000572	27	Chlidonias_leucopterus
crcwar	   .000572	27	Oreothlypis_superciliosa
vermiv1	   .000572	27	Oreothlypis_sp.
pewee1	   .000572	27	Contopus_sp.
towhee1	   .000572	27	Pipilo/Melozone_sp.
elaeni1	   .000572	27	Elaenia_sp.
wilfly2	   .000572	27	Empidonax_traillii_brewsteri/adastus
brncre3	   .000551	26	Certhia_americana_americana/nigrescens
ibis1	   .000551	26	Threskiornithidae_sp._(ibis_sp.)
plover2	   .000551	26	Charadriidae_sp.
roahaw	   .000551	26	Rupornis_magnirostris
coccyz1	   .000551	26	Coccyzus_sp.
whoswa	   .000530	25	Cygnus_cygnus
oporor1	   .000530	25	Oporornis/Geothlypis_sp._(Mourning-type)
x00613	   .000530	25	Aythya_collaris_x_affinis
eaywag	   .000530	25	Motacilla_tschutschensis
y00321	   .000530	25	Chaetura_pelagica/vauxi
graspa4	   .000530	25	Ammodramus_savannarum_perpallidus/ammolegus
amepip1	   .000530	25	Anthus_rubescens_alticola
daejun4	   .000530	25	Junco_hyemalis_mearnsi_x_caniceps
blksco	   .000508	24	Melanitta_nigra/americana
norpyo2	   .000508	24	Glaucidium_gnoma_pinicola
hutvir2	   .000508	24	Vireo_huttoni_[stephensi_Group]
gofwoo1	   .000508	24	Melanerpes_aurifrons_[aurifrons_Group]
arcwar	   .000508	24	Phylloscopus_borealis
x00641	   .000508	24	Chroicocephalus_ridibundus_x_Larus_delawarensis
ducfly3	   .000508	24	Myiarchus_tuberculifer_olivascens
x00623	   .000508	24	Poecile_atricapillus_x_gambeli
thbvir	   .000487	23	Vireo_crassirostris
motduc2	   .000487	23	Anas_fulvigula_maculosa
brcmar1	   .000487	23	Progne_tapera
botgra1	   .000487	23	Quiscalus_major_major
y00483	   .000487	23	Brotogeris_versicolurus/chiriri
x00430	   .000487	23	Calidris_fuscicollis_x_alpina
y00331	   .000487	23	Melozone_fusca/aberti
redcro1	   .000466	22	Loxia_curvirostra_(type_1)
whfpar1	   .000466	22	Amazona_albifrons
golplo	   .000466	22	Pluvialis_apricaria/dominica/fulva
bncfly1	   .000466	22	Myiarchus_tyrannulus_magister
nightj1	   .000466	22	Caprimulgidae_sp.
y00320	   .000466	22	Columbina_sp.
grhowl1	   .000466	22	Bubo_virginianus_[virginianus_Group]
sprgro1	   .000445	21	Falcipennis_canadensis_[canadensis_Group]
lessap2	   .000445	21	Charadrius_mongolus_mongolus/stegmanni
y00329	   .000445	21	Toxostoma_rufum/longirostre
duswar	   .000424	20	Phylloscopus_fuscatus
x00449	   .000424	20	Icterus_gularis_x_graduacauda
leater4	   .000424	20	Sternula_antillarum_browni
calgul2	   .000424	20	Larus_californicus_albertaensis
attwoo3	   .000403	19	Picoides_dorsalis_fasciatus
comred4	   .000403	19	Acanthis_flammea_rostrata/islandica
calypt	   .000403	19	Calypte_anna/costae
x00444	   .000403	19	Piranga_ludoviciana_x_bidentata
y00477	   .000403	19	Gallinago_delicata/gallinago
sulid	   .000403	19	Sulidae_sp.
motpet	   .000403	19	Pterodroma_inexpectata
grbhaw1	   .000381	18	Buteogallus_urubitinga
barowl8	   .000381	18	Tyto_alba_[furcata_Group]
branta1	   .000381	18	Branta_sp.
larswi1	   .000381	18	Apodidae_sp._(large_swift_sp.)
cockat	   .000381	18	Nymphicus_hollandicus
mckbun	   .000360	17	Plectrophenax_hyperboreus
sonspa5	   .000360	17	Melospiza_melodia_gouldii_OR_samuelis_OR_heermanni
y00487	   .000360	17	Thryothorus_ludovicianus_[berlandieri_Group]
maghum1	   .000360	17	Eugenes_fulgens_fulgens
earque	   .000360	17	Euptilotis_neoxenus
grecor1	   .000360	17	Phalacrocorax_carbo_carbo
y00618	   .000339	16	Empidonax_wrightii/oberholseri
scolop1	   .000339	16	Scolopacidae_sp.
y00315	   .000339	16	Callipepla_californica_x_gambelii
mxbhum1	   .000339	16	Amazilia_beryllina_x_Eugenes_fulgens
oceano1	   .000339	16	Oceanodroma_sp.
attprc1	   .000339	16	Tympanuchus_cupido_attwateri
tromoc1	   .000339	16	Mimus_gilvus_[gilvus_Group]
bkbwag	   .000339	16	Motacilla_alba_lugens
x00442	   .000339	16	Tyrannus_verticalis_x_forficatus
spotow5	   .000339	16	Pipilo_maculatus_arcticus
cliswa3	   .000339	16	Petrochelidon_pyrrhonota_melanogaster
whcpet1	   .000339	16	Procellaria_aequinoctialis
brnboo2	   .000318	15	Sula_leucogaster_leucogaster
y00704	   .000318	15	Vireo_gilvus/philadelphicus
reffal1	   .000318	15	Falco_vespertinus
piggui1	   .000318	15	Cepphus_columba_[columba_Group]
orcwax	   .000318	15	Estrilda_melpoda
y00472	   .000318	15	Pterodroma_phaeopygia/sandwichensis
kxhgul1	   .000318	15	Larus_argentatus_x_dominicanus
comeid3	   .000297	14	Somateria_mollissima_borealis
chaetu	   .000297	14	Chaetura_sp.
y00332	   .000297	14	Zonotrichia_leucophrys/albicollis
y00488	   .000297	14	Icterus_spurius/cucullatus
banana	   .000297	14	Coereba_flaveola
x00457	   .000297	14	Anas_strepera_x_clypeata
strshe	   .000297	14	Calonectris_leucomelas
motduc1	   .000297	14	Anas_fulvigula_fulvigula
bkebus	   .000297	14	Psaltriparus_minimus_[melanotis_Group]
obnthr1	   .000275	13	Catharus_aurantiirostris
wrspet	   .000275	13	Oceanodroma_tethys
logkin	   .000275	13	Tyrannus_caudifasciatus
grefla	   .000275	13	Phoenicopterus_ruber/roseus
burowl3	   .000275	13	Athene_cunicularia_floridana
godwit1	   .000254	12	Limosa_sp.
bklkit1	   .000254	12	Rissa_tridactyla_tridactyla
amerob3	   .000254	12	Turdus_migratorius_nigrideus
storm-1	   .000254	12	Hydrobatidae_sp._(dark-rumped)
redcro6	   .000254	12	Loxia_curvirostra_(type_6)
gyttat1	   .000254	12	Tringa_brevipes
kinrai1	   .000254	12	Rallus_elegans_elegans
hooori2	   .000254	12	Icterus_cucullatus_[cucullatus_Group]
bhnthr1	   .000254	12	Catharus_mexicanus
steeid	   .000254	12	Polysticta_stelleri
whimbr1	   .000233	11	Numenius_phaeopus_phaeopus/alboaxillaris
auklet	   .000233	11	Ptychoramphus/Aethia_sp.
y00468	   .000233	11	Anser_fabalis/serrirostris
gryjay1	   .000233	11	Perisoreus_canadensis_[canadensis_Group]
tdxsca1	   .000233	11	Aythya_fuligula_x_marila/affinis
x00692	   .000233	11	Chen_caerulescens_x_Branta_hutchinsii
monpar1	   .000233	11	Myiopsitta_monachus_[monachus_Group]
brbsol1	   .000233	11	Myadestes_occidentalis
x00627	   .000233	11	Anser_albifrons_x_Chen_caerulescens
scaibi	   .000233	11	Eudocimus_ruber
comeid1	   .000212	10	Somateria_mollissima_v-nigra
x00696	   .000212	10	Egretta_caerulea_x_tricolor
x00618	   .000212	10	Calypte_anna_x_costae
tuffly	   .000212	10	Mitrephanes_phaeocercus
sheowl3	   .000212	10	Asio_flammeus_domingensis/portoricensis
bktgod2	   .000212	10	Limosa_limosa_limosa
x00610	   .000212	10	Anas_strepera_x_acuta
redwin	   .000212	10	Turdus_iliacus
whpwil	   .000212	10	Antrostomus_vociferus/arizonae
helgui	   .000212	10	Numida_meleagris
skylar	   .000212	10	Alauda_arvensis
eurkes	   .000212	10	Falco_tinnunculus
mexjay2	   .000212	10	Aphelocoma_wollweberi_couchii
vauswi1	   .000212	10	Chaetura_vauxi_vauxi
pirfly1	   .000212	10	Legatus_leucophaius
gragoo	   .000212	10	Anser_anser
whiwag2	   .000212	10	Motacilla_alba_ocularis
yecnih1	   .000212	10	Nyctanassa_violacea_[violacea_Group]
blugrs	   .000191	9	Dendragapus_obscurus/fuliginosus
hoared1	   .000191	9	Acanthis_hornemanni_hornemanni
grnvie1	   .000191	9	Colibri_thalassinus_thalassinus
rudshe	   .000191	9	Tadorna_ferruginea
caprim1	   .000191	9	Caprimulgus_sp.
leastp2	   .000191	9	Oceanodroma_leucorhoa_cheimomnestes
frigat	   .000191	9	Fregata_sp.
stbori1	   .000191	9	Icterus_pustulatus_[pustulatus_Group]
x00205	   .000191	9	Aix_sponsa_x_Anas_platyrhynchos
y00701	   .000191	9	Tachycineta_bicolor/thalassina
bncfly2	   .000191	9	Myiarchus_tyrannulus_cooperi
blkswi1	   .000191	9	Cypseloides_niger_borealis
x00638	   .000191	9	Oreothlypis_crissalis_x_virginiae
x00703	   .000191	9	Mimus_polyglottos_x_gilvus
tropar1	   .000191	9	Setophaga_pitiayumi_nigrilora
amedip1	   .000191	9	Cinclus_mexicanus_[mexicanus_Group]
y00333	   .000191	9	Junco_hyemalis/phaeonotus
brncre1	   .000191	9	Certhia_americana_[occidentalis_Group]
x00616	   .000191	9	Leucophaeus_atricilla_x_Larus_delawarensis
monqua1	   .000169	8	Cyrtonyx_montezumae_[montezumae_Group]
x00694	   .000169	8	Chen_rossii_x_Branta_hutchinsii
sonspa4	   .000169	8	Melospiza_melodia_[rufina_Group]
blkgui2	   .000169	8	Cepphus_grylle_mandtii
attwoo4	   .000169	8	Picoides_dorsalis_bacatus
x00203	   .000169	8	Setophaga_americana_x_pitiayumi
harhaw1	   .000169	8	Parabuteo_unicinctus_harrisi
sibpip1	   .000169	8	Anthus_rubescens_japonicus
fotfly1	   .000169	8	Tyrannus_savana_savana
kingfi1	   .000169	8	Alcedinidae_sp.
podice1	   .000169	8	Podiceps_sp.
lbbgul1	   .000169	8	Larus_fuscus_fuscus
litcur	   .000169	8	Numenius_minutus
yeejun1	   .000169	8	Junco_phaeonotus_phaeonotus/palliatus
x00661	   .000148	7	Hirundo_rustica_x_Petrochelidon_pyrrhonota
y00688	   .000148	7	Melospiza_lincolnii/georgiana
y00633	   .000148	7	Anas_rubripes/fulvigula
schpar1	   .000148	7	Pionus_maximiliani
wfwduc1	   .000148	7	Dendrocygna_viduata
crfpar	   .000148	7	Aratinga_finschi
rusbun	   .000148	7	Emberiza_rustica
sacibi1	   .000148	7	Threskiornis_aethiopicus
norful3	   .000148	7	Fulmarus_glacialis_rodgersii
norwhe2	   .000148	7	Oenanthe_oenanthe_leucorhoa
x00655	   .000148	7	Bucephala_albeola_x_clangula
wessco1	   .000148	7	Megascops_kennicottii_[kennicottii_Group]
eider	   .000148	7	Somateria_spectabilis/mollissima
whistl1	   .000148	7	Dendrocygna_sp.
x00428	   .000148	7	Eudocimus_albus_x_ruber
kwqdov	   .000148	7	Geotrygon_chrysia
grsfly1	   .000148	7	Ptilogonys_cinereus
brtcur	   .000148	7	Numenius_tahitiensis
gocwar1	   .000148	7	Basileuterus_culicivorus_[culicivorus_Group]
relkit	   .000148	7	Rissa_brevirostris
blnswa2	   .000148	7	Cygnus_melancoryphus
sltred	   .000127	6	Myioborus_miniatus
grwpet2	   .000127	6	Pterodroma_macroptera_gouldi
brocow1	   .000127	6	Molothrus_aeneus_[aeneus_Group]
acowoo1	   .000127	6	Melanerpes_formicivorus_[formicivorus_Group]
eurdot	   .000127	6	Charadrius_morinellus
ducfly4	   .000127	6	Myiarchus_tuberculifer_lawrenceii
spored	   .000127	6	Tringa_erythropus
euhgul1	   .000127	6	Larus_argentatus_argentatus/argenteus
spoowl2	   .000127	6	Strix_occidentalis_caurina
booby1	   .000127	6	Sula_sp.
duhpar	   .000127	6	Aratinga_weddellii
litbun	   .000127	6	Emberiza_pusilla
x00633	   .000127	6	Cynanthus_latirostris_x_Amazilia_violiceps
x00414	   .000127	6	Anser_albifrons_x_Branta_hutchinsii
greprc1	   .000127	6	Tympanuchus_cupido_pinnatus
cavshe1	   .000127	6	Calonectris_edwardsii
eurhob	   .000127	6	Falco_subbuteo
brbsan	   .000127	6	Limicola_falcinellus
bklkit2	   .000127	6	Rissa_tridactyla_pollicaris
y00651	   .000127	6	Agelaius_phoeniceus/tricolor
ywcpar	   .000127	6	Amazona_ochrocephala
x00438	   .000127	6	Thalasseus_sandvicensis_x_elegans
whiter2	   .000127	6	Chlidonias_hybrida
compoc	   .000127	6	Aythya_ferina
x00629	   .000127	6	Anas_discors_x_clypeata
wessco2	   .000127	6	Megascops_kennicottii_suttoni
martin1	   .000127	6	Progne_sp.
y00219	   .000127	6	Gavia_arctica/pacifica
x00626	   .000127	6	Calypte_anna_x_Selasphorus_rufus
phoebe1	   .000106	5	Sayornis_sp.
manswa1	   .000106	5	Tachycineta_albilinea
eider1	   .000106	5	Somateria_sp.
y00319	   .000106	5	Columba_livia/Patagioenas_fasciata
belgul	   .000106	5	Larus_belcheri
turvul3	   .000106	5	Cathartes_aura_jota
screec1	   .000106	5	Megascops_sp.
timspa3	   .000106	5	Spizella_breweri_taverneri
x00417	   .000106	5	Branta_leucopsis_x_canadensis
x00704	   .000106	5	Nycticorax_nycticorax_x_Nyctanassa_violacea
x00612	   .000106	5	Anas_platyrhynchos_x_clypeata
yelrai1	   .000106	5	Coturnicops_noveboracensis_noveboracensis
bkcpet4	   .000106	5	Pterodroma_hasitata_(White-faced)
sibacc	   .000106	5	Prunella_montanella
y00628	   .000106	5	Geothlypis_tolmiei/philadelphia
x00621	   .000106	5	Sayornis_nigricans_x_phoebe
comros	   .000106	5	Carpodacus_erythrinus
y00666	   .000106	5	Accipiter_cooperii/gentilis
tropic1	   .000106	5	Phaethon_sp.
smaswi1	   .000106	5	Apodidae_sp._(small_swift_sp.)
y00330	   .000106	5	Toxostoma_bendirei/curvirostre
litegr1	   .000106	5	Egretta_garzetta_[garzetta_Group]
y00694	   .000106	5	Phalacrocorax_auritus/carbo
temsti	   .000106	5	Calidris_temminckii
x00634	   .000106	5	Sphyrapicus_varius_x_nuchalis
eugplo	   .000106	5	Pluvialis_apricaria
rinphe2	   .000085	4	Phasianus_colchicus_[versicolor_Group]
y00673	   .000085	4	Asio_otus/flammeus
yelgul1	   .000085	4	Larus_michahellis
swagoo3	   .000085	4	Anser_cygnoides_(Domestic_type)_x_Branta_canadensis
whcalb1	   .000085	4	Thalassarche_cauta
afrcod1	   .000085	4	Streptopelia_roseogrisea_(Domestic_type)
bncmar2	   .000085	4	Progne_tapera_fusca
x00646	   .000085	4	Anas_americana_x_crecca
virrai2	   .000085	4	Rallus_limicola_limicola/friedmanni
blueth	   .000085	4	Luscinia_svecica
btther1	   .000085	4	Tigrisoma_mexicanum
y00670	   .000085	4	Anas_penelope/americana
bkbwhd1	   .000085	4	Dendrocygna_autumnalis_autumnalis
x00635	   .000085	4	Sayornis_nigricans_x_saya
blkrai1	   .000085	4	Laterallus_jamaicensis_jamaicensis/coturniculus
daejun7	   .000085	4	Junco_hyemalis_mearnsi_x_aikeni
scrjay	   .000085	4	Aphelocoma_sp.
pipit1	   .000085	4	Anthus_sp.
bkbalb	   .000085	4	Thalassarche_melanophris
comshe	   .000085	4	Tadorna_tadorna
lbbgul2	   .000085	4	Larus_fuscus_intermedius
x00632	   .000085	4	Larus_hyperboreus_x_marinus
curlew1	   .000085	4	Numenius_sp.
x00662	   .000085	4	Picoides_nuttallii_x_pubescens
whwgul1	   .000085	4	Larus_sp._(white-winged_gull_sp.)
yenalb	   .000085	4	Thalassarche_chlororhynchos
casvir1	   .000085	4	Vireo_cassinii_cassinii
daejun3	   .000085	4	Junco_hyemalis_oreganus_x_mearnsi
jabiru	   .000085	4	Jabiru_mycteria
blkgui1	   .000085	4	Cepphus_grylle_arcticus
milmac	   .000064	3	Ara_militaris
x00631	   .000064	3	Bucephala_clangula/islandica_x_Lophodytes_cucullatus
bulpet	   .000064	3	Bulweria_bulwerii
barowl12	   .000064	3	Strix_varia_[varia_Group]
y00631	   .000064	3	Acanthis/Spinus_sp.
y00474	   .000064	3	Sula_dactylatra/granti
grnjay1	   .000064	3	Cyanocorax_yncas_[luxuosus_Group]
scfpar1	   .000064	3	Aratinga_wagleri
x00657	   .000064	3	Grus_canadensis_x_grus
comgre	   .000064	3	Tringa_nebularia
brnshr1	   .000064	3	Lanius_cristatus_cristatus/confusus
x00719	   .000064	3	Vermivora_pinus_x_Setophaga_discolor
rallus1	   .000064	3	Rallus_sp.
icegul1	   .000064	3	Larus_glaucoides_glaucoides
dunlin3	   .000064	3	Calidris_alpina_arctica
greegr4	   .000064	3	Ardea_alba_melanorhyncha
swspet	   .000064	3	Oceanodroma_monorhis
bubhum2	   .000064	3	Amazilia_yucatanensis_cerviniventris/chalconota
x00679	   .000064	3	Aythya_americana_x_collaris
ardea1	   .000064	3	Ardea_sp.
blknod3	   .000064	3	Anous_minutus_americanus
shyalb	   .000064	3	Thalassarche_cauta/salvini/eremita
cacwre2	   .000064	3	Campylorhynchus_brunneicapillus_[brunneicapillus_Group]
dabbra1	   .000064	3	Branta_bernicla_bernicla
whcela1	   .000064	3	Elaenia_albiceps
x00685	   .000064	3	Branta_bernicla_x_Chen_caerulescens
x00202	   .000064	3	Aix_sponsa_x_Lophodytes_cucullatus
yenpar1	   .000064	3	Amazona_auropalliata
whcsee2	   .000064	3	Sporophila_torqueola_torqueola
brncre5	   .000064	3	Certhia_americana_montana/idahoensis
y00336	   .000064	3	Molothrus_bonariensis/ater
yeclov	   .000064	3	Agapornis_personatus
lecthr1	   .000064	3	Toxostoma_lecontei_lecontei/macmillanorum
y00632	   .000064	3	Anas_platyrhynchos/fulvigula
thbvir1	   .000064	3	Vireo_crassirostris_[crassirostris_Group]
x00718	   .000042	2	Tyrannus_verticalis_x_tyrannus
x00717	   .000042	2	Tachycineta_thalassina_x_Petrochelidon_pyrrhonota
blkfra	   .000042	2	Francolinus_francolinus
rocsan1	   .000042	2	Calidris_ptilocnemis_tschuktschorum
zendov	   .000042	2	Zenaida_aurita
asio1	   .000042	2	Asio_sp.
barstp3	   .000042	2	Oceanodroma_castro_[undescribed_form]
lesfri	   .000042	2	Fregata_ariel
whttro2	   .000042	2	Phaethon_lepturus_catesbyi
brncre2	   .000042	2	Certhia_americana_albescens/alticola
relpar2	   .000042	2	Amazona_autumnalis_autumnalis
y00664	   .000042	2	Tympanuchus_cupido/pallidicinctus
eurgre1	   .000042	2	Chloris_chloris
laralb1	   .000042	2	Diomedea_sp.
bucpar1	   .000042	2	Aratinga_acuticaudata_[acuticaudata_Group]
houcro1	   .000042	2	Corvus_splendens
whwsco3	   .000042	2	Melanitta_fusca_fusca
wesspi2	   .000042	2	Spindalis_zena_zena
x00673	   .000042	2	Anas_discors_x_crecca
easblu2	   .000042	2	Sialia_sialis_[guatemalae_Group]
x00664	   .000042	2	Setophaga_townsendi_x_virens
tersan	   .000042	2	Xenus_cinereus
x00684	   .000042	2	Aythya_valisineria_x_americana
x00426	   .000042	2	Bucephala_islandica_x_Lophodytes_cucullatus
turdus1	   .000042	2	Turdus_sp.
fotfly2	   .000042	2	Tyrannus_savana_monachus
cathar1	   .000042	2	Cathartes_sp.
yelgro2	   .000042	2	Pheucticus_chrysopeplus_chrysopeplus/dilutus
soashe1	   .000042	2	Tadorna_cana
eletro1	   .000042	2	Trogon_elegans_[ambiguus_Group]
x00643	   .000042	2	Polioptila_melanura_x_nigriceps
x00711	   .000042	2	Setophaga_cerulea_x_americana
gocwar2	   .000042	2	Basileuterus_culicivorus_[auricapillus_Group]
audori1	   .000042	2	Icterus_graduacauda_graduacauda/audubonii
whcpin1	   .000042	2	Anas_bahamensis_bahamensis/rubrirostris
strept1	   .000042	2	Streptopelia_sp.
bkbwhd2	   .000042	2	Dendrocygna_autumnalis_discolor
rintea1	   .000042	2	Callonetta_leucophrys
robpoc1	   .000042	2	Netta_peposaca
bahswa	   .000042	2	Tachycineta_cyaneoviridis
x00199	   .000042	2	Spizella_pallida_x_breweri
refboo1	   .000042	2	Sula_sula_sula
y00220	   .000042	2	Gavia_immer/adamsii
whiwag1	   .000042	2	Motacilla_alba_alba/dukunensis
croslf1	   .000042	2	Empidonomus_aurantioatrocristatus
gretit1	   .000042	2	Parus_major
mabpar	   .000042	2	Pyrrhura_frontalis
brnpel1	   .000042	2	Pelecanus_occidentalis_occidentalis
comyel1	   .000042	2	Geothlypis_trichas_[arizela_Group]
jaweye	   .000042	2	Zosterops_japonicus
grwpet1	   .000042	2	Pterodroma_macroptera
x00670	   .000021	1	Anas_platyrhynchos_x_crecca
whcsee1	   .000021	1	Sporophila_torqueola_[morelleti_Group]
rewbla3	   .000021	1	Agelaius_phoeniceus_gubernator
y00648	   .000021	1	Charadrius_mongolus/leschenaultii
bahwoo	   .000021	1	Calliphlox_evelynae
orfpar	   .000021	1	Aratinga_canicularis
taifly1	   .000021	1	Ficedula_albicilla
x00196	   .000021	1	Anas_americana_x_acuta
santer3	   .000021	1	Thalasseus_sandvicensis_eurygnathus
stepet	   .000021	1	Pterodroma_longirostris
bkcpet1	   .000021	1	Pterodroma_hasitata_hasitata
saffin	   .000021	1	Sicalis_flaveola
x00418	   .000021	1	Cygnus_buccinator_x_cygnus
greela	   .000021	1	Myiopagis_viridicata
peucae1	   .000021	1	Peucaea_sp.
blkski3	   .000021	1	Rynchops_niger_intercedens
x00715	   .000021	1	Stelgidopteryx_serripennis_x_Tachycineta_thalassina
eurjac	   .000021	1	Corvus_monedula
blknod2	   .000021	1	Anous_minutus_diamesus
y00615	   .000021	1	Stercorarius_sp.
swtgul1	   .000021	1	Creagrus_furcatus
shshaw5	   .000021	1	Accipiter_striatus_erythronemius
xanhum	   .000021	1	Hylocharis_xantusii
refblu	   .000021	1	Tarsiger_cyanurus
duslor1	   .000021	1	Pseudeos_fuscata
rindov	   .000021	1	Streptopelia_capicola
tuffly1	   .000021	1	Mitrephanes_phaeocercus_phaeocercus/tenuirostris
y00683	   .000021	1	Larus_occidentalis/livens
comyel2	   .000021	1	Geothlypis_trichas_[occidentalis_Group]
labter1	   .000021	1	Phaetusa_simplex
y00652	   .000021	1	Alauda_arvensis/gulgula
zebfin2	   .000021	1	Taeniopygia_guttata
wetshe	   .000021	1	Puffinus_pacificus
cremyn	   .000021	1	Acridotheres_cristatellus
fieldf	   .000021	1	Turdus_pilaris
snipe2	   .000021	1	Gallinago_sp.
euplec1	   .000021	1	Euplectes_sp.
succoc	   .000021	1	Cacatua_galerita
rinkin3	   .000021	1	Megaceryle_torquata_torquata/stictipennis
grnvie2	   .000021	1	Colibri_thalassinus_cabanidis
origre	   .000021	1	Chloris_sinica
grygab1	   .000021	1	Corythaixoides_concolor
greegr1	   .000021	1	Ardea_alba_alba
banana2	   .000021	1	Coereba_flaveola_[flaveola_Group]
y00674	   .000021	1	Bonasa_umbellus/Falcipennis_canadensis
barstp4	   .000021	1	Oceanodroma_castro_castro
dotkit1	   .000021	1	Harpagus_bidentatus
x00200	   .000021	1	Spizella_pallida_x_pusilla
origoo1	   .000021	1	Neochen_jubata
ivbwoo	   .000021	1	Campephilus_principalis
demcra1	   .000021	1	Anthropoides_virgo
bkfgra	   .000021	1	Tiaris_bicolor
javspa	   .000021	1	Lonchura_oryzivora
x00676	   .000021	1	Archilochus_alexandri_x_Cynanthus_latirostris
x00677	   .000021	1	Ardea_herodias_x_alba
y00626	   .000021	1	Sturnus_vulgaris/unicolor
relhon1	   .000021	1	Cyanerpes_cyaneus
y00682	   .000021	1	Larus_argentatus/thayeri
railor1	   .000021	1	Trichoglossus_haematodus
commoo	   .000021	1	Gallinula_chloropus/galeata
blkswi3	   .000021	1	Cypseloides_niger_niger
cypsel1	   .000021	1	Cypseloides_sp.
wilpta	   .000021	1	Lagopus_lagopus
x00691	   .000021	1	Calypte_anna_x_Selasphorus_sasin
flamin1	   .000021	1	Phoenicopteridae_sp.
sibsto1	   .000021	1	Saxicola_maurus
wesspi4	   .000021	1	Spindalis_zena_pretrei
y00617	   .000021	1	Picoides_dorsalis/arcticus
kamgul1	   .000021	1	Larus_canus_kamtschatschensis
orbnit1	   .000021	1	Catharus_aurantiirostris_[aurantiirostris_Group]
dusspa1	   .000021	1	Ammodramus_maritimus_nigrescens
wesspi3	   .000021	1	Spindalis_zena_townsendi
gnbman1	   .000021	1	Anthracothorax_prevostii_[prevostii_Group]
x00630	   .000021	1	Anas_cyanoptera_x_clypeata
x00653	   .000021	1	Aythya_fuligula_x_affinis
reccor	   .000021	1	Uraeginthus_bengalus
hobkit1	   .000021	1	Chondrohierax_uncinatus_uncinatus
towshe2	   .000021	1	Puffinus_auricularis_newelli
x00198	   .000021	1	Spizella_passerina_x_pallida
sutwar	   .000021	1	Setophaga_americana_x_dominica
horlar4	   .000021	1	Eremophila_alpestris_flava
grepar	   .000021	1	Psittacus_erithacus
refpar2	   .000021	1	Hapalopsittaca_pyrrhops
tunbeg1	   .000021	1	Anser_serrirostris
wesreh1	   .000021	1	Egretta_gularis_gularis
varfly	   .000021	1	Empidonomus_varius
rettro	   .000021	1	Phaethon_rubricauda
elequa	   .000021	1	Callipepla_douglasii
blagui1	   .000021	1	Agelastes_niger
parpet1	   .000021	1	Procellaria_parkinsoni
harhaw2	   .000021	1	Parabuteo_unicinctus_unicinctus
blubun1	   .000021	1	Cyanocompsa_parellina_parellina/beneplacita
eurkes2	   .000021	1	Falco_tinnunculus_[tinnunculus_Group]
passer2	   .000021	1	Passer_sp.
